factor,producer,pub,group,direction,missing_rate_overall,missing_rate_listed,ic_mean_10d,ic_mean_20d,ic_mean_2d,ic_mean_5d,ic_std_10d,ic_std_20d,ic_std_2d,ic_std_5d,ic_t_10d,ic_t_20d,ic_t_2d,ic_t_5d,icir_10d,icir_20d,icir_2d,icir_5d,n_days_10d,n_days_20d,n_days_2d,n_days_5d,pct_positive_10d,pct_positive_20d,pct_positive_2d,pct_positive_5d,monotonicity,ann_return_G1,ann_return_G5,ann_return_LongShort,ann_vol_LongShort,sharpe_LongShort,mean_turnover_LongShort,time_window_start,time_window_end,eval_timestamp
BETA10,alpha158,,,-1,0.329498,0.098117,0.041153,0.046865,0.038492,0.039810,0.135517,0.133847,0.142401,0.137770,14.969524,17.260064,13.324801,14.244282,0.303672,0.350138,0.270307,0.288960,2430.000000,2430.000000,2430.000000,2430.000000,0.620988,0.632099,0.603292,0.614403,0.615475,-0.140072,0.049041,0.214816,0.129258,1.661914,1.283089,2016-01-01,2025-12-31,20260525_220745
BETA20,alpha158,,,-1,0.329498,0.098117,0.057439,0.062445,0.040016,0.049832,0.139245,0.140405,0.149287,0.143974,20.334220,21.924035,13.213535,17.061945,0.412500,0.444751,0.268050,0.346119,2430.000000,2430.000000,2430.000000,2430.000000,0.655967,0.669547,0.609877,0.637037,0.736671,-0.138354,0.073528,0.238462,0.134800,1.769006,0.781134,2016-01-01,2025-12-31,20260525_220745
BETA30,alpha158,,,-1,0.329498,0.098117,0.060791,0.063401,0.040305,0.052805,0.147586,0.146243,0.152315,0.150223,20.304951,21.371012,13.044085,17.327818,0.411907,0.433533,0.264613,0.351512,2430.000000,2430.000000,2430.000000,2430.000000,0.650206,0.660494,0.603292,0.623868,0.822394,-0.138647,0.093743,0.260574,0.137065,1.901098,0.564173,2016-01-01,2025-12-31,20260525_220745
BETA5,alpha158,,,-1,0.329498,0.098117,0.031020,0.032520,0.038349,0.034982,0.128452,0.128712,0.141274,0.132205,11.904508,12.454582,13.381130,13.043488,0.241495,0.252654,0.271450,0.264600,2430.000000,2430.000000,2430.000000,2430.000000,0.600412,0.593004,0.625926,0.610288,0.729705,-0.158295,0.075811,0.274099,0.121446,2.256959,1.567121,2016-01-01,2025-12-31,20260525_220745
BETA60,alpha158,,,-1,0.329498,0.098117,0.047248,0.050839,0.028345,0.039576,0.155893,0.152535,0.158909,0.157842,14.940297,16.429739,8.792736,12.359971,0.303079,0.333294,0.178370,0.250735,2430.000000,2430.000000,2430.000000,2430.000000,0.599177,0.622634,0.559259,0.582716,0.920343,-0.081141,0.097447,0.184402,0.140784,1.309819,0.310766,2016-01-01,2025-12-31,20260525_220745
CNTD10,alpha158,,,-1,0.329498,0.098117,0.013859,0.019459,0.016572,0.014978,0.101128,0.102045,0.100304,0.098772,6.755773,9.400058,8.144345,7.475015,0.137048,0.190690,0.165216,0.151638,2430.000000,2430.000000,2430.000000,2430.000000,0.550206,0.562963,0.565021,0.544444,0.677868,-0.027967,0.045209,0.072667,0.092444,0.786072,1.142058,2016-01-01,2025-12-31,20260525_220745
CNTD20,alpha158,,,-1,0.329498,0.098117,0.020574,0.025212,0.017470,0.018826,0.102719,0.104350,0.104442,0.102531,9.873353,11.909970,8.245556,9.051258,0.200291,0.241606,0.167270,0.183614,2430.000000,2430.000000,2430.000000,2430.000000,0.563374,0.575720,0.565432,0.569959,0.864704,-0.026123,0.063026,0.087715,0.099111,0.885021,0.822947,2016-01-01,2025-12-31,20260525_220745
CNTD30,alpha158,,,-1,0.329498,0.098117,0.020860,0.026357,0.015151,0.018281,0.105756,0.108079,0.105888,0.103859,9.723183,12.021462,7.053270,8.676830,0.197245,0.243868,0.143083,0.176018,2430.000000,2430.000000,2430.000000,2430.000000,0.562140,0.562551,0.537449,0.551440,0.808537,-0.032649,0.061161,0.092126,0.099221,0.928493,0.673795,2016-01-01,2025-12-31,20260525_220745
CNTD5,alpha158,,,-1,0.329498,0.098117,0.012609,0.015210,0.020144,0.015343,0.097817,0.099198,0.103001,0.100563,6.354193,7.558210,9.640836,7.521125,0.128901,0.153326,0.195574,0.152574,2430.000000,2430.000000,2430.000000,2430.000000,0.536626,0.551440,0.582305,0.554321,0.840288,-0.036884,0.056895,0.095483,0.090022,1.060665,1.563062,2016-01-01,2025-12-31,20260525_220745
CNTD60,alpha158,,,-1,0.329498,0.098117,0.016764,0.020009,0.009412,0.013388,0.106684,0.108601,0.106814,0.106276,7.745945,9.082173,4.343462,6.209840,0.157134,0.184241,0.088112,0.125973,2430.000000,2430.000000,2430.000000,2430.000000,0.549794,0.555556,0.518107,0.532099,0.824030,-0.016822,0.054026,0.066478,0.098313,0.676192,0.474324,2016-01-01,2025-12-31,20260525_220745
CNTN10,alpha158,,,1,0.329498,0.098117,0.011466,0.016362,0.015317,0.013158,0.102292,0.102413,0.101521,0.099809,5.525684,7.875688,7.437517,6.498854,0.112094,0.159766,0.150878,0.131836,2430.000000,2430.000000,2430.000000,2430.000000,0.540329,0.553909,0.557202,0.536214,0.709632,-0.032705,0.050111,0.084017,0.090902,0.924264,1.123147,2016-01-01,2025-12-31,20260525_220745
CNTN20,alpha158,,,1,0.329498,0.098117,0.017756,0.021255,0.016084,0.016757,0.103290,0.103471,0.105171,0.103366,8.474264,10.126249,7.538833,7.991535,0.171909,0.205421,0.152933,0.162116,2430.000000,2430.000000,2430.000000,2430.000000,0.565844,0.568724,0.571605,0.562551,0.851083,-0.032960,0.066013,0.100067,0.095834,1.044167,0.809161,2016-01-01,2025-12-31,20260525_220745
CNTN30,alpha158,,,1,0.329498,0.098117,0.017746,0.021422,0.013737,0.016108,0.106075,0.106742,0.105757,0.103900,8.247142,9.893094,6.403264,7.642177,0.167302,0.200692,0.129897,0.155029,2430.000000,2430.000000,2430.000000,2430.000000,0.554321,0.565021,0.548560,0.550206,0.808940,-0.034959,0.065131,0.100759,0.095499,1.055079,0.658541,2016-01-01,2025-12-31,20260525_220745
CNTN5,alpha158,,,1,0.329498,0.098117,0.010484,0.012664,0.018906,0.013730,0.098093,0.099192,0.103705,0.100873,5.268788,6.293661,8.986890,6.709611,0.106883,0.127673,0.182308,0.136111,2430.000000,2430.000000,2430.000000,2430.000000,0.530453,0.546914,0.576955,0.552675,0.812998,-0.040373,0.054534,0.097745,0.089410,1.093230,1.532051,2016-01-01,2025-12-31,20260525_220745
CNTN60,alpha158,,,1,0.329498,0.098117,0.012204,0.013451,0.007761,0.010470,0.106116,0.104872,0.105792,0.105822,5.669065,6.322772,3.616450,4.877392,0.115003,0.128264,0.073363,0.098943,2430.000000,2430.000000,2430.000000,2430.000000,0.534156,0.538683,0.518930,0.521811,0.818209,-0.017788,0.053463,0.069433,0.094539,0.734439,0.453811,2016-01-01,2025-12-31,20260525_220745
CNTP10,alpha158,,,-1,0.329498,0.098117,0.016176,0.022195,0.017322,0.016583,0.097143,0.098570,0.096351,0.095095,8.208350,11.099574,8.862030,8.596220,0.166515,0.225166,0.179775,0.174383,2430.000000,2430.000000,2430.000000,2430.000000,0.561728,0.571193,0.563374,0.556379,0.584179,-0.031395,0.033231,0.063154,0.090382,0.698745,1.120667,2016-01-01,2025-12-31,20260525_220745
CNTP20,alpha158,,,-1,0.329498,0.098117,0.022747,0.028221,0.017976,0.020152,0.098976,0.101636,0.100991,0.099101,11.328980,13.687536,8.774113,10.024166,0.229820,0.277666,0.177992,0.203350,2430.000000,2430.000000,2430.000000,2430.000000,0.561728,0.583539,0.553498,0.568724,0.717283,-0.028502,0.045575,0.070667,0.097417,0.725406,0.803376,2016-01-01,2025-12-31,20260525_220745
CNTP30,alpha158,,,-1,0.329498,0.098117,0.023257,0.029976,0.015794,0.019674,0.102144,0.105894,0.103194,0.101232,11.223831,13.954387,7.544657,9.580468,0.227687,0.283079,0.153051,0.194350,2430.000000,2430.000000,2430.000000,2430.000000,0.551440,0.561728,0.534979,0.551440,0.699597,-0.033748,0.047574,0.077458,0.098377,0.787354,0.653261,2016-01-01,2025-12-31,20260525_220745
CNTP5,alpha158,,,-1,0.329498,0.098117,0.014810,0.017713,0.020864,0.016849,0.094947,0.096527,0.099543,0.097538,7.689171,9.045900,10.332226,8.515224,0.155983,0.183505,0.209600,0.172740,2430.000000,2430.000000,2430.000000,2430.000000,0.555967,0.564609,0.590947,0.558025,0.784110,-0.040812,0.054137,0.096205,0.087668,1.097381,1.531241,2016-01-01,2025-12-31,20260525_220745
CNTP60,alpha158,,,-1,0.329498,0.098117,0.019564,0.024167,0.010311,0.015105,0.105571,0.110057,0.106200,0.105117,9.135268,10.824403,4.785940,7.083377,0.185318,0.219584,0.097088,0.143694,2430.000000,2430.000000,2430.000000,2430.000000,0.547325,0.548560,0.528395,0.535802,0.707249,-0.018268,0.041953,0.053562,0.098547,0.543515,0.450597,2016-01-01,2025-12-31,20260525_220745
CORD10,alpha158,,,-1,0.330888,0.099764,0.048196,0.054293,0.039680,0.045035,0.085518,0.085928,0.086993,0.085820,27.781770,31.146866,22.485000,25.867806,0.563582,0.631846,0.456131,0.524755,2430.000000,2430.000000,2430.000000,2430.000000,0.715638,0.745679,0.688889,0.710700,0.922925,-0.063696,0.097600,0.169102,0.075668,2.234792,1.100036,2016-01-01,2025-12-31,20260525_220745
CORD20,alpha158,,,-1,0.330977,0.099970,0.059730,0.062980,0.043795,0.053845,0.087588,0.088251,0.086837,0.086394,33.616414,35.178998,24.861451,30.722821,0.681943,0.713642,0.504340,0.623244,2430.000000,2430.000000,2430.000000,2430.000000,0.756379,0.779012,0.712346,0.738683,0.957730,-0.082413,0.117251,0.212802,0.076666,2.775689,0.730839,2016-01-01,2025-12-31,20260525_220745
CORD30,alpha158,,,-1,0.331492,0.100674,0.057103,0.062398,0.042049,0.051385,0.088675,0.088227,0.087707,0.088075,31.743750,34.863959,23.633198,28.759839,0.643954,0.707251,0.479424,0.583423,2430.000000,2430.000000,2430.000000,2430.000000,0.759671,0.763786,0.687654,0.719342,0.964685,-0.071156,0.113074,0.193500,0.077706,2.490143,0.571051,2016-01-01,2025-12-31,20260525_220745
CORD5,alpha158,,,-1,0.330368,0.098965,0.036512,0.039191,0.034885,0.035799,0.081014,0.081336,0.084006,0.081789,22.216660,23.752152,20.470996,21.576688,0.450688,0.481837,0.415275,0.437705,2430.000000,2430.000000,2430.000000,2430.000000,0.683128,0.701235,0.660494,0.666255,0.825977,-0.040024,0.063672,0.105685,0.070350,1.502288,1.559337,2016-01-01,2025-12-31,20260525_220745
CORD60,alpha158,,,-1,0.332905,0.102590,0.051670,0.057237,0.035366,0.045306,0.089210,0.090600,0.085465,0.086912,28.551313,31.142538,20.398916,25.696992,0.579193,0.631758,0.413813,0.521290,2430.000000,2430.000000,2430.000000,2430.000000,0.731687,0.745267,0.663786,0.700823,0.981493,-0.051726,0.107915,0.163014,0.074967,2.174462,0.377207,2016-01-01,2025-12-31,20260525_220745
CORR10,alpha158,,,-1,0.329648,0.098119,0.060365,0.068156,0.043927,0.054155,0.085473,0.084749,0.086691,0.086446,34.814065,39.643699,24.978408,30.881686,0.706239,0.804213,0.506713,0.626467,2430.000000,2430.000000,2430.000000,2430.000000,0.774897,0.810700,0.710288,0.749794,0.935495,-0.110069,0.123467,0.254779,0.079641,3.199099,1.257412,2016-01-01,2025-12-31,20260525_220745
CORR20,alpha158,,,-1,0.329586,0.098117,0.058492,0.065355,0.039017,0.050370,0.091872,0.095552,0.093752,0.092139,31.384625,33.716313,20.515403,26.948263,0.636669,0.683970,0.416176,0.546673,2430.000000,2430.000000,2430.000000,2430.000000,0.748971,0.761728,0.679835,0.723045,0.924926,-0.104080,0.111646,0.231480,0.084860,2.727779,0.844599,2016-01-01,2025-12-31,20260525_220745
CORR30,alpha158,,,-1,0.329575,0.098117,0.050722,0.058420,0.032979,0.042707,0.096129,0.097800,0.096307,0.096264,26.010232,29.446330,16.880625,21.869505,0.527644,0.597349,0.342441,0.443645,2430.000000,2430.000000,2430.000000,2430.000000,0.712346,0.734156,0.642798,0.670370,0.869487,-0.091038,0.086575,0.186055,0.086317,2.155480,0.636502,2016-01-01,2025-12-31,20260525_220745
CORR5,alpha158,,,-1,0.329772,0.098147,0.049226,0.053793,0.038916,0.045491,0.078083,0.077837,0.077727,0.078555,31.077284,34.067485,24.681261,28.546790,0.630434,0.691094,0.500685,0.579101,2430.000000,2430.000000,2430.000000,2430.000000,0.757202,0.779424,0.710700,0.737860,0.927306,-0.071133,0.094944,0.174029,0.068247,2.549989,1.527609,2016-01-01,2025-12-31,20260525_220745
CORR60,alpha158,,,-1,0.329555,0.098117,0.028704,0.032749,0.017971,0.024217,0.095416,0.094211,0.093866,0.093784,14.829532,17.135546,9.437753,12.729317,0.300832,0.347612,0.191454,0.258227,2430.000000,2430.000000,2430.000000,2430.000000,0.626749,0.652675,0.586008,0.611111,0.703439,-0.045144,0.047864,0.088644,0.084961,1.043348,0.368481,2016-01-01,2025-12-31,20260525_220745
HIGH0,alpha158,,,-1,0.329498,0.098117,0.029325,0.035524,0.016137,0.023184,0.125035,0.122967,0.131866,0.128702,11.561450,14.241049,6.032463,8.880061,0.234536,0.288894,0.122375,0.180141,2430.000000,2430.000000,2430.000000,2430.000000,0.637860,0.647737,0.598765,0.616872,-0.099096,-0.021079,-0.044440,-0.042408,0.111512,-0.380298,1.432523,2016-01-01,2025-12-31,20260525_220745
IMAX10,alpha158,,,-1,0.329498,0.098117,0.026631,0.031431,0.024939,0.026259,0.097330,0.096830,0.100591,0.098486,13.487785,16.000946,12.221361,13.143286,0.273613,0.324596,0.247923,0.266625,2430.000000,2430.000000,2430.000000,2430.000000,0.606584,0.617695,0.602058,0.600412,0.539140,-0.060125,0.033981,0.097460,0.083956,1.160852,1.439639,2016-01-01,2025-12-31,20260525_220745
IMAX20,alpha158,,,-1,0.329498,0.098117,0.041522,0.044588,0.032247,0.037106,0.102346,0.102898,0.104266,0.103136,19.999084,21.360588,15.245614,17.735099,0.405702,0.433321,0.309273,0.359775,2430.000000,2430.000000,2430.000000,2430.000000,0.665021,0.664198,0.622634,0.643210,0.725873,-0.093632,0.063947,0.168996,0.094301,1.792096,1.201223,2016-01-01,2025-12-31,20260525_220745
IMAX30,alpha158,,,-1,0.329498,0.098117,0.045035,0.046648,0.033912,0.041056,0.103339,0.103513,0.107472,0.104523,21.482536,22.214801,15.554968,19.362603,0.435795,0.450650,0.315548,0.392790,2430.000000,2430.000000,2430.000000,2430.000000,0.679012,0.664609,0.619342,0.645267,0.774259,-0.101943,0.078525,0.195655,0.096407,2.029474,1.033621,2016-01-01,2025-12-31,20260525_220745
IMAX5,alpha158,,,-1,0.329498,0.098117,0.019372,0.020964,0.024726,0.022085,0.094315,0.095065,0.099974,0.096917,10.124967,10.870697,12.191986,11.232978,0.205395,0.220523,0.247327,0.227872,2430.000000,2430.000000,2430.000000,2430.000000,0.574074,0.583539,0.613992,0.588066,0.636146,-0.058223,0.043182,0.104405,0.079985,1.305305,1.485175,2016-01-01,2025-12-31,20260525_220745
IMAX60,alpha158,,,-1,0.329498,0.098117,0.035632,0.038034,0.025414,0.032419,0.108688,0.105818,0.112799,0.111124,16.160881,17.718148,11.106300,14.381245,0.327840,0.359431,0.225303,0.291738,2430.000000,2430.000000,2430.000000,2430.000000,0.634979,0.642387,0.585597,0.615638,0.691527,-0.083062,0.062156,0.150913,0.101779,1.482754,0.712232,2016-01-01,2025-12-31,20260525_220745
IMIN10,alpha158,,,1,0.329498,0.098117,0.022012,0.025907,0.020550,0.022506,0.104668,0.104192,0.108756,0.104787,10.367015,12.257084,9.314431,10.587395,0.210305,0.248647,0.188953,0.214776,2430.000000,2430.000000,2430.000000,2430.000000,0.581070,0.581070,0.573251,0.574897,0.766199,-0.039320,0.048600,0.089488,0.088609,1.009918,1.370474,2016-01-01,2025-12-31,20260525_220745
IMIN20,alpha158,,,1,0.329498,0.098117,0.034054,0.037480,0.022877,0.029419,0.106994,0.107725,0.111652,0.108703,15.689605,17.150856,10.100235,13.340939,0.318280,0.347923,0.204894,0.270635,2430.000000,2430.000000,2430.000000,2430.000000,0.603704,0.620988,0.579424,0.609465,0.826203,-0.062450,0.063347,0.131526,0.091863,1.431759,1.085040,2016-01-01,2025-12-31,20260525_220745
IMIN30,alpha158,,,1,0.329498,0.098117,0.034319,0.036430,0.022853,0.030663,0.110135,0.113585,0.113047,0.109990,15.360674,15.810325,9.965278,13.742460,0.311607,0.320729,0.202156,0.278780,2430.000000,2430.000000,2430.000000,2430.000000,0.605350,0.604115,0.574897,0.609465,0.835144,-0.050943,0.058810,0.112635,0.094640,1.190143,0.905547,2016-01-01,2025-12-31,20260525_220745
IMIN5,alpha158,,,1,0.329498,0.098117,0.016395,0.016070,0.024028,0.019187,0.099330,0.100026,0.103600,0.102119,8.136292,7.919812,11.432799,9.261992,0.165053,0.160661,0.231926,0.187889,2430.000000,2430.000000,2430.000000,2430.000000,0.555556,0.551029,0.602469,0.567078,0.812935,-0.051304,0.055200,0.110024,0.084145,1.307552,1.443877,2016-01-01,2025-12-31,20260525_220745
IMIN60,alpha158,,,1,0.329498,0.098117,0.033257,0.037259,0.017834,0.026288,0.116025,0.118162,0.119012,0.119345,14.129704,15.543989,7.386942,10.858030,0.286635,0.315326,0.149852,0.220266,2430.000000,2430.000000,2430.000000,2430.000000,0.600823,0.591358,0.555144,0.568724,0.839436,-0.057248,0.061889,0.123226,0.102439,1.202922,0.608457,2016-01-01,2025-12-31,20260525_220745
IMXD10,alpha158,,,-1,0.329498,0.098117,0.027488,0.031700,0.027419,0.027921,0.110537,0.109802,0.114301,0.111019,12.258788,14.231391,11.825055,12.397454,0.248682,0.288698,0.239883,0.251495,2430.000000,2430.000000,2430.000000,2430.000000,0.602058,0.597531,0.586008,0.591358,0.681042,-0.065870,0.054106,0.125537,0.098371,1.276157,1.372876,2016-01-01,2025-12-31,20260525_220745
IMXD20,alpha158,,,-1,0.329498,0.098117,0.044624,0.047858,0.033122,0.039674,0.114222,0.114958,0.117769,0.114305,19.258325,20.521844,13.863823,17.109960,0.390675,0.416307,0.281242,0.347093,2430.000000,2430.000000,2430.000000,2430.000000,0.653909,0.658025,0.616872,0.637037,0.811710,-0.091733,0.077175,0.181275,0.106126,1.708107,1.070342,2016-01-01,2025-12-31,20260525_220745
IMXD30,alpha158,,,-1,0.329498,0.098117,0.048597,0.051188,0.034710,0.043355,0.116167,0.116212,0.120257,0.117071,20.622110,21.713227,14.228242,18.255342,0.418341,0.440475,0.288634,0.370328,2430.000000,2430.000000,2430.000000,2430.000000,0.666667,0.658848,0.622222,0.641564,0.839750,-0.096502,0.080417,0.190077,0.108081,1.758658,0.882272,2016-01-01,2025-12-31,20260525_220745
IMXD5,alpha158,,,-1,0.329498,0.098117,0.019588,0.020388,0.028188,0.023298,0.106804,0.106981,0.112155,0.109660,9.040616,9.394422,12.389447,10.473136,0.183398,0.190575,0.251333,0.212458,2430.000000,2430.000000,2430.000000,2430.000000,0.559259,0.562140,0.608642,0.580658,0.729987,-0.072332,0.051948,0.130903,0.093196,1.404607,1.576834,2016-01-01,2025-12-31,20260525_220745
IMXD60,alpha158,,,-1,0.329498,0.098117,0.041627,0.045326,0.026359,0.035824,0.121633,0.120721,0.125779,0.124426,16.870302,18.508312,10.330740,14.192867,0.342231,0.375460,0.209570,0.287917,2430.000000,2430.000000,2430.000000,2430.000000,0.635802,0.647325,0.577778,0.604115,0.778160,-0.093907,0.079610,0.184019,0.112910,1.629781,0.574680,2016-01-01,2025-12-31,20260525_220745
KLEN,alpha158,,,-1,0.329498,0.098117,0.069492,0.078462,0.055797,0.063796,0.140932,0.143059,0.141938,0.140757,24.306676,27.036238,19.378218,22.342361,0.493086,0.548458,0.393107,0.453238,2430.000000,2430.000000,2430.000000,2430.000000,0.706584,0.723457,0.674897,0.705350,0.658214,-0.132869,0.056815,0.190559,0.127067,1.499671,1.187676,2016-01-01,2025-12-31,20260525_220745
KLOW,alpha158,,,-1,0.329498,0.098117,0.033805,0.037299,0.032365,0.032524,0.083066,0.085554,0.089608,0.084821,20.061504,21.491076,17.804510,18.901646,0.406968,0.435968,0.361183,0.383439,2430.000000,2430.000000,2430.000000,2430.000000,0.690123,0.695062,0.677778,0.689712,0.501518,-0.071277,0.025531,0.094356,0.078185,1.206834,1.502306,2016-01-01,2025-12-31,20260525_220745
KLOW2,alpha158,,,1,0.329498,0.098117,0.007382,0.008864,0.002270,0.005889,0.073747,0.072702,0.078888,0.075836,4.934321,6.010179,1.418697,3.827793,0.100098,0.121923,0.028780,0.077651,2430.000000,2430.000000,2430.000000,2430.000000,0.555967,0.572840,0.520576,0.536214,0.427102,-0.001593,0.023523,0.020641,0.065759,0.313884,1.581824,2016-01-01,2025-12-31,20260525_220745
KMID,alpha158,,,-1,0.329498,0.098117,0.019209,0.019807,0.022744,0.022701,0.117853,0.115483,0.125767,0.122340,8.034456,8.454707,8.914818,9.147013,0.162987,0.171512,0.180846,0.185556,2430.000000,2430.000000,2430.000000,2430.000000,0.566667,0.574486,0.587243,0.575720,0.480045,-0.102259,0.016822,0.128917,0.112474,1.146189,1.547385,2016-01-01,2025-12-31,20260525_220745
KMID2,alpha158,,,-1,0.329498,0.098117,0.013817,0.014142,0.017756,0.016923,0.108121,0.107369,0.115214,0.111578,6.299616,6.492909,7.597142,7.476332,0.127794,0.131715,0.154116,0.151665,2430.000000,2430.000000,2430.000000,2430.000000,0.545679,0.547325,0.567078,0.557613,0.640126,-0.067754,0.042014,0.115066,0.101290,1.136009,1.597959,2016-01-01,2025-12-31,20260525_220745
KSFT,alpha158,,,-1,0.329498,0.098117,0.012127,0.011474,0.019528,0.016414,0.115101,0.112385,0.125233,0.120995,5.193704,5.032825,7.686750,6.687268,0.105360,0.102096,0.155934,0.135658,2430.000000,2430.000000,2430.000000,2430.000000,0.531687,0.542798,0.565432,0.549383,0.437481,-0.102396,0.012502,0.126782,0.105209,1.205048,1.539689,2016-01-01,2025-12-31,20260525_220745
KSFT2,alpha158,,,-1,0.329498,0.098117,0.009227,0.008528,0.015557,0.012528,0.098309,0.095859,0.105492,0.102290,4.626606,4.385416,7.269493,6.037220,0.093855,0.088963,0.147469,0.122471,2430.000000,2430.000000,2430.000000,2430.000000,0.525926,0.524280,0.558848,0.545267,0.563197,-0.081974,0.036154,0.128586,0.088278,1.456601,1.585882,2016-01-01,2025-12-31,20260525_220745
KUP,alpha158,,,-1,0.329498,0.098117,0.029356,0.034782,0.022502,0.026766,0.088937,0.089977,0.089033,0.089171,16.270863,19.055890,12.458657,14.796669,0.330071,0.386568,0.252737,0.300166,2430.000000,2430.000000,2430.000000,2430.000000,0.659259,0.671605,0.622634,0.637037,0.014007,-0.035881,-0.035387,-0.011349,0.085730,-0.132378,1.487644,2016-01-01,2025-12-31,20260525_220745
KUP2,alpha158,,,1,0.329498,0.098117,0.000389,-0.000765,0.001374,0.000617,0.073675,0.072142,0.074687,0.074640,0.260227,-0.522806,0.906860,0.407235,0.005279,-0.010606,0.018397,0.008261,2430.000000,2430.000000,2430.000000,2430.000000,0.505761,0.498765,0.505761,0.496708,0.448146,-0.048693,0.025959,0.077263,0.071021,1.087895,1.591355,2016-01-01,2025-12-31,20260525_220745
LOW0,alpha158,,,1,0.329498,0.098117,0.047004,0.052126,0.044405,0.046350,0.107182,0.109197,0.110806,0.108346,21.618133,23.531264,19.754837,21.088268,0.438546,0.477356,0.400747,0.427797,2430.000000,2430.000000,2430.000000,2430.000000,0.701235,0.720988,0.680658,0.699588,0.556165,-0.121690,0.033438,0.163679,0.100736,1.624833,1.468384,2016-01-01,2025-12-31,20260525_220745
MA10,alpha158,,,1,0.329498,0.098117,0.038994,0.042992,0.042136,0.041406,0.134447,0.131677,0.146977,0.138036,14.297338,16.094544,14.132154,14.786796,0.290036,0.326494,0.286685,0.299965,2430.000000,2430.000000,2430.000000,2430.000000,0.602058,0.621811,0.614403,0.620165,0.645602,-0.158480,0.056476,0.251304,0.130243,1.929502,1.325838,2016-01-01,2025-12-31,20260525_220745
MA20,alpha158,,,1,0.329498,0.098117,0.057213,0.062803,0.048784,0.054081,0.142127,0.139170,0.154200,0.146440,19.843770,22.245283,15.595279,18.205007,0.402551,0.451268,0.316366,0.369307,2430.000000,2430.000000,2430.000000,2430.000000,0.653498,0.673663,0.632922,0.641152,0.732424,-0.172130,0.085891,0.305671,0.140489,2.175774,0.957776,2016-01-01,2025-12-31,20260525_220745
MA30,alpha158,,,1,0.329498,0.098117,0.066337,0.070770,0.052206,0.061023,0.149275,0.147014,0.159078,0.152988,21.906388,23.729844,16.177655,19.662533,0.444393,0.481384,0.328180,0.398875,2430.000000,2430.000000,2430.000000,2430.000000,0.668313,0.671605,0.631276,0.657202,0.767198,-0.183862,0.102884,0.343313,0.145708,2.356180,0.787879,2016-01-01,2025-12-31,20260525_220745
MA5,alpha158,,,1,0.329498,0.098117,0.026859,0.027711,0.034096,0.032357,0.127456,0.127002,0.141380,0.132587,10.388103,10.755898,11.888266,12.030297,0.210733,0.218194,0.241166,0.244047,2430.000000,2430.000000,2430.000000,2430.000000,0.581481,0.588889,0.610700,0.597942,0.692950,-0.151447,0.062482,0.248410,0.124387,1.997077,1.562542,2016-01-01,2025-12-31,20260525_220745
MA60,alpha158,,,1,0.329498,0.098117,0.071003,0.075683,0.051839,0.063717,0.159915,0.157835,0.165689,0.163465,21.887220,23.637152,15.422772,19.214833,0.444005,0.479504,0.312867,0.389793,2430.000000,2430.000000,2430.000000,2430.000000,0.664198,0.675309,0.622222,0.643621,0.835626,-0.174173,0.122973,0.349194,0.152108,2.295696,0.567606,2016-01-01,2025-12-31,20260525_220745
MAX10,alpha158,,,-1,0.329498,0.098117,0.024065,0.024820,0.009141,0.016712,0.152621,0.147901,0.159961,0.154160,7.772628,8.272307,2.817101,5.343889,0.157676,0.167812,0.057148,0.108406,2430.000000,2430.000000,2430.000000,2430.000000,0.609053,0.618107,0.551440,0.594650,-0.104862,-0.010208,-0.028506,-0.042214,0.131815,-0.320255,1.197945,2016-01-01,2025-12-31,20260525_220745
MAX20,alpha158,,,-1,0.329498,0.098117,0.006865,0.008963,-0.000472,0.003274,0.158314,0.151256,0.166393,0.161418,2.137722,2.920952,-0.139839,0.999894,0.043366,0.059254,-0.002837,0.020284,2430.000000,2430.000000,2430.000000,2430.000000,0.568724,0.574486,0.523457,0.540741,-0.455516,0.024266,-0.041391,-0.086994,0.134491,-0.646839,0.921234,2016-01-01,2025-12-31,20260525_220745
MAX30,alpha158,,,1,0.329498,0.098117,0.001182,-0.002666,0.006621,0.004993,0.162355,0.156055,0.169789,0.166833,0.358912,-0.842189,1.922231,1.475432,0.007281,-0.017085,0.038994,0.029931,2430.000000,2430.000000,2430.000000,2430.000000,0.440741,0.427572,0.484774,0.473663,0.655597,-0.044195,0.049441,0.104647,0.137741,0.759738,0.780280,2016-01-01,2025-12-31,20260525_220745
MAX5,alpha158,,,-1,0.329498,0.098117,0.030799,0.034876,0.013409,0.021072,0.142698,0.139856,0.151569,0.145189,10.639370,12.292695,4.360978,7.154602,0.215830,0.249370,0.088467,0.145138,2430.000000,2430.000000,2430.000000,2430.000000,0.644444,0.647325,0.571605,0.604527,-0.183089,-0.007089,-0.038127,-0.052446,0.123146,-0.425886,1.448129,2016-01-01,2025-12-31,20260525_220745
MAX60,alpha158,,,1,0.329498,0.098117,0.010591,0.005698,0.011459,0.012946,0.170179,0.159441,0.175201,0.174859,3.067934,1.761529,3.224256,3.649659,0.062236,0.035734,0.065407,0.074037,2430.000000,2430.000000,2430.000000,2430.000000,0.484362,0.455967,0.516872,0.499588,0.895702,-0.034883,0.081948,0.126790,0.144604,0.876807,0.578001,2016-01-01,2025-12-31,20260525_220745
MIN10,alpha158,,,1,0.329498,0.098117,0.059438,0.067234,0.054108,0.056960,0.122780,0.129494,0.125101,0.121492,23.863862,25.594138,21.320806,23.111419,0.484103,0.519203,0.432514,0.468839,2430.000000,2430.000000,2430.000000,2430.000000,0.697531,0.697119,0.683539,0.679835,0.587976,-0.152065,0.048276,0.219381,0.120128,1.826226,1.197741,2016-01-01,2025-12-31,20260525_220745
MIN20,alpha158,,,1,0.329498,0.098117,0.064685,0.072983,0.054344,0.060375,0.131457,0.138779,0.133078,0.128829,24.256039,25.924139,20.130078,23.101858,0.492059,0.525898,0.408359,0.468645,2430.000000,2430.000000,2430.000000,2430.000000,0.687654,0.690123,0.675720,0.683951,0.551549,-0.156946,0.036688,0.210486,0.128534,1.637594,0.935964,2016-01-01,2025-12-31,20260525_220745
MIN30,alpha158,,,1,0.329498,0.098117,0.068086,0.076554,0.054833,0.062755,0.138874,0.145291,0.139652,0.135713,24.168133,25.973699,19.355274,22.794506,0.490275,0.526903,0.392641,0.462410,2430.000000,2430.000000,2430.000000,2430.000000,0.688889,0.690535,0.658848,0.682305,0.548985,-0.160521,0.033538,0.209950,0.134436,1.561716,0.802252,2016-01-01,2025-12-31,20260525_220745
MIN5,alpha158,,,1,0.329498,0.098117,0.056221,0.062551,0.053768,0.055615,0.118247,0.123543,0.120973,0.118651,23.437439,24.958493,21.909955,23.105869,0.475452,0.506308,0.444466,0.468726,2430.000000,2430.000000,2430.000000,2430.000000,0.700000,0.714815,0.676132,0.695062,0.634799,-0.156296,0.054414,0.233874,0.115180,2.030507,1.453535,2016-01-01,2025-12-31,20260525_220745
MIN60,alpha158,,,1,0.329498,0.098117,0.072067,0.081816,0.054520,0.064691,0.148102,0.154748,0.148327,0.145794,23.987071,26.062546,18.119093,21.872825,0.486602,0.528705,0.367564,0.443713,2430.000000,2430.000000,2430.000000,2430.000000,0.676955,0.683539,0.645267,0.667490,0.594032,-0.160370,0.037931,0.211577,0.142932,1.480259,0.604342,2016-01-01,2025-12-31,20260525_220745
OPEN0,alpha158,,,1,0.329498,0.098117,0.019231,0.019834,0.022761,0.022720,0.117851,0.115484,0.125763,0.122339,8.043948,8.466224,8.921711,9.154862,0.163180,0.171746,0.180986,0.185716,2430.000000,2430.000000,2430.000000,2430.000000,0.567078,0.574486,0.587243,0.575720,0.480045,-0.102259,0.016822,0.128917,0.112474,1.146189,1.547385,2016-01-01,2025-12-31,20260525_220745
QTLD10,alpha158,,,1,0.329498,0.098117,0.049661,0.054140,0.049272,0.050521,0.124974,0.125198,0.134002,0.126485,19.588288,21.316722,18.125679,19.689396,0.397368,0.432431,0.367698,0.399419,2430.000000,2430.000000,2430.000000,2430.000000,0.660082,0.675309,0.650206,0.662963,0.725625,-0.163697,0.078420,0.280118,0.126499,2.214394,1.357010,2016-01-01,2025-12-31,20260525_220745
QTLD20,alpha158,,,1,0.329498,0.098117,0.063358,0.070008,0.054150,0.060249,0.132590,0.133529,0.139727,0.133173,23.555556,25.844831,19.103886,22.301650,0.477848,0.524289,0.387542,0.452412,2430.000000,2430.000000,2430.000000,2430.000000,0.686831,0.700823,0.659259,0.680247,0.745396,-0.172584,0.087571,0.303328,0.132616,2.287265,1.032957,2016-01-01,2025-12-31,20260525_220745
QTLD30,alpha158,,,1,0.329498,0.098117,0.070519,0.077880,0.056619,0.065224,0.139143,0.142312,0.146318,0.140480,24.983099,26.976582,19.075091,22.887444,0.506808,0.547247,0.386958,0.464295,2430.000000,2430.000000,2430.000000,2430.000000,0.695473,0.704527,0.656790,0.683128,0.733796,-0.179115,0.086659,0.310609,0.140213,2.215270,0.859370,2016-01-01,2025-12-31,20260525_220745
QTLD5,alpha158,,,1,0.329498,0.098117,0.038842,0.040714,0.041944,0.041963,0.118945,0.119648,0.128219,0.122111,16.097545,16.774045,16.125694,16.939979,0.326555,0.340279,0.327126,0.343645,2430.000000,2430.000000,2430.000000,2430.000000,0.631687,0.641564,0.638272,0.644033,0.698360,-0.160186,0.064802,0.260344,0.119527,2.178119,1.564164,2016-01-01,2025-12-31,20260525_220745
QTLD60,alpha158,,,1,0.329498,0.098117,0.077560,0.087541,0.056744,0.068876,0.149862,0.153544,0.154043,0.151261,25.512280,28.104858,18.158528,22.446420,0.517543,0.570136,0.368364,0.455349,2430.000000,2430.000000,2430.000000,2430.000000,0.705350,0.705350,0.647325,0.673251,0.788193,-0.179489,0.101388,0.325815,0.147893,2.203054,0.618205,2016-01-01,2025-12-31,20260525_220745
QTLU10,alpha158,,,1,0.329498,0.098117,0.021337,0.022944,0.029064,0.026387,0.138199,0.134667,0.150939,0.142491,7.610877,8.398517,9.491868,9.128761,0.154394,0.170372,0.192552,0.185186,2430.000000,2430.000000,2430.000000,2430.000000,0.547325,0.551852,0.581070,0.563374,0.602950,-0.131339,0.039746,0.197642,0.129351,1.527952,1.367340,2016-01-01,2025-12-31,20260525_220745
QTLU20,alpha158,,,1,0.329498,0.098117,0.040506,0.043617,0.038222,0.040570,0.145561,0.140723,0.158236,0.150594,13.717767,15.279105,11.907215,13.280054,0.278279,0.309952,0.241550,0.269399,2430.000000,2430.000000,2430.000000,2430.000000,0.591358,0.601646,0.597119,0.603704,0.700214,-0.153257,0.072905,0.266281,0.138075,1.928524,1.040168,2016-01-01,2025-12-31,20260525_220745
QTLU30,alpha158,,,1,0.329498,0.098117,0.049921,0.051362,0.042568,0.047753,0.151366,0.145577,0.161926,0.156869,16.257814,17.392220,12.959039,15.006055,0.329806,0.352819,0.262887,0.304413,2430.000000,2430.000000,2430.000000,2430.000000,0.619342,0.607819,0.604527,0.621399,0.759154,-0.164476,0.098603,0.312525,0.142725,2.189701,0.860723,2016-01-01,2025-12-31,20260525_220745
QTLU5,alpha158,,,1,0.329498,0.098117,0.008306,0.007417,0.019677,0.016364,0.130164,0.127654,0.143490,0.135571,3.145676,2.864017,6.759841,5.949951,0.063813,0.058099,0.137130,0.120701,2430.000000,2430.000000,2430.000000,2430.000000,0.500412,0.504527,0.555144,0.532510,0.626650,-0.113023,0.043793,0.177099,0.121812,1.453875,1.567765,2016-01-01,2025-12-31,20260525_220745
QTLU60,alpha158,,,1,0.329498,0.098117,0.055342,0.056490,0.042366,0.051197,0.160621,0.153921,0.167587,0.165115,16.984672,18.091608,12.461701,15.284827,0.344551,0.367007,0.252798,0.310068,2430.000000,2430.000000,2430.000000,2430.000000,0.624280,0.638683,0.604527,0.615226,0.826180,-0.155669,0.120121,0.322723,0.149019,2.165655,0.604823,2016-01-01,2025-12-31,20260525_220745
RANK10,alpha158,,,-1,0.329498,0.098117,0.027706,0.030569,0.033040,0.031563,0.119429,0.118048,0.127121,0.122085,11.435611,12.765231,12.812141,12.744404,0.231983,0.258956,0.259907,0.258533,2430.000000,2430.000000,2430.000000,2430.000000,0.576132,0.595062,0.610288,0.595062,0.672019,-0.096884,0.043710,0.152435,0.107631,1.416270,1.425245,2016-01-01,2025-12-31,20260525_220745
RANK20,alpha158,,,-1,0.329498,0.098117,0.039418,0.044609,0.037338,0.039170,0.124795,0.124216,0.132958,0.127120,15.570352,17.703024,13.843253,15.189293,0.315860,0.359124,0.280825,0.308130,2430.000000,2430.000000,2430.000000,2430.000000,0.616049,0.632099,0.617695,0.626337,0.682798,-0.113389,0.049030,0.178781,0.116913,1.529178,1.215006,2016-01-01,2025-12-31,20260525_220745
RANK30,alpha158,,,-1,0.329498,0.098117,0.046135,0.050067,0.040434,0.044352,0.129144,0.129194,0.137045,0.132053,17.610173,19.103523,14.544160,16.556316,0.357240,0.387534,0.295043,0.335862,2430.000000,2430.000000,2430.000000,2430.000000,0.632510,0.641152,0.626749,0.632510,0.688296,-0.120637,0.053633,0.192681,0.121985,1.579542,1.085903,2016-01-01,2025-12-31,20260525_220745
RANK5,alpha158,,,-1,0.329498,0.098117,0.021016,0.021142,0.029071,0.026925,0.110793,0.110126,0.116820,0.113883,9.350847,9.463722,12.267014,11.654699,0.189691,0.191981,0.248849,0.236427,2430.000000,2430.000000,2430.000000,2430.000000,0.561728,0.565432,0.602469,0.591770,0.777530,-0.088327,0.066522,0.166679,0.095957,1.737017,1.511272,2016-01-01,2025-12-31,20260525_220745
RANK60,alpha158,,,-1,0.329498,0.098117,0.051487,0.056947,0.041920,0.047872,0.137419,0.138510,0.143102,0.140484,18.469371,20.267117,14.440509,16.797874,0.374670,0.411139,0.292940,0.340762,2430.000000,2430.000000,2430.000000,2430.000000,0.650617,0.646914,0.613580,0.631687,0.693081,-0.123895,0.054633,0.196128,0.130133,1.507134,0.855760,2016-01-01,2025-12-31,20260525_220745
RESI10,alpha158,,,-1,0.329498,0.098117,0.011350,0.008682,0.016403,0.016282,0.117175,0.119860,0.126738,0.123110,4.774995,3.570480,6.380136,6.519467,0.096866,0.072431,0.129428,0.132254,2430.000000,2430.000000,2430.000000,2430.000000,0.535802,0.535802,0.564609,0.561317,0.511508,-0.110529,0.013396,0.134800,0.108686,1.240269,1.766441,2016-01-01,2025-12-31,20260525_220745
RESI20,alpha158,,,-1,0.329498,0.098117,0.011491,0.013440,0.021541,0.017186,0.122778,0.125530,0.130551,0.124388,4.613461,5.277875,8.133722,6.810647,0.093589,0.107067,0.165001,0.138161,2430.000000,2430.000000,2430.000000,2430.000000,0.536626,0.546502,0.579424,0.544856,0.485327,-0.118090,0.020930,0.153789,0.114672,1.341111,1.427853,2016-01-01,2025-12-31,20260525_220745
RESI30,alpha158,,,-1,0.329498,0.098117,0.018563,0.023273,0.025324,0.021858,0.126776,0.123544,0.135221,0.129550,7.218032,9.286048,9.232030,8.317078,0.146425,0.188377,0.187281,0.168720,2430.000000,2430.000000,2430.000000,2430.000000,0.565021,0.570782,0.577366,0.570370,0.441825,-0.115031,0.014888,0.142707,0.118929,1.199934,1.182597,2016-01-01,2025-12-31,20260525_220745
RESI5,alpha158,,,-1,0.329498,0.098117,0.007593,0.006092,0.005060,0.010751,0.114952,0.114318,0.120842,0.118653,3.256169,2.626946,2.064092,4.466422,0.066055,0.053290,0.041872,0.090606,2430.000000,2430.000000,2430.000000,2430.000000,0.537860,0.542798,0.522634,0.540741,0.178827,-0.068593,-0.029587,0.037871,0.105474,0.359053,1.537537,2016-01-01,2025-12-31,20260525_220745
RESI60,alpha158,,,-1,0.329498,0.098117,0.041875,0.045882,0.038841,0.041058,0.129991,0.128398,0.141097,0.133697,15.879941,17.615385,13.569896,15.138311,0.322141,0.357346,0.275279,0.307096,2430.000000,2430.000000,2430.000000,2430.000000,0.633745,0.630864,0.619753,0.636626,0.596589,-0.144080,0.054622,0.225847,0.127461,1.771885,0.843329,2016-01-01,2025-12-31,20260525_220745
ROC10,alpha158,,,1,0.329498,0.098117,0.047384,0.054186,0.042325,0.045872,0.137312,0.134623,0.145108,0.140050,17.010709,19.841537,14.378229,16.145983,0.345080,0.402506,0.291677,0.327538,2430.000000,2430.000000,2430.000000,2430.000000,0.643621,0.650206,0.620988,0.628395,0.688759,-0.152927,0.071740,0.259740,0.133950,1.939087,1.114068,2016-01-01,2025-12-31,20260525_220745
ROC20,alpha158,,,1,0.329498,0.098117,0.065730,0.070082,0.049326,0.058830,0.144204,0.143700,0.152507,0.148278,22.469285,24.041075,15.943792,19.557964,0.455812,0.487698,0.323436,0.396753,2430.000000,2430.000000,2430.000000,2430.000000,0.669959,0.678189,0.626749,0.653086,0.759458,-0.172529,0.096134,0.315776,0.141162,2.236983,0.809898,2016-01-01,2025-12-31,20260525_220745
ROC30,alpha158,,,1,0.329498,0.098117,0.067052,0.071058,0.048307,0.060406,0.153276,0.149731,0.157272,0.154404,21.564486,23.394079,15.141086,19.285304,0.437458,0.474573,0.307152,0.391222,2430.000000,2430.000000,2430.000000,2430.000000,0.671193,0.675720,0.618107,0.642387,0.811183,-0.164965,0.111482,0.320810,0.145461,2.205480,0.674007,2016-01-01,2025-12-31,20260525_220745
ROC5,alpha158,,,1,0.329498,0.098117,0.035115,0.037425,0.039391,0.037737,0.129424,0.128940,0.142835,0.134289,13.374582,14.307875,13.594667,13.852499,0.271317,0.290250,0.275782,0.281012,2430.000000,2430.000000,2430.000000,2430.000000,0.588066,0.610288,0.615226,0.611523,0.636390,-0.147393,0.050457,0.227860,0.125878,1.810168,1.560390,2016-01-01,2025-12-31,20260525_220745
ROC60,alpha158,,,1,0.329498,0.098117,0.060106,0.063660,0.040609,0.052821,0.154964,0.152846,0.159840,0.158790,19.120127,20.531291,12.523844,16.398001,0.387871,0.416498,0.254059,0.332650,2430.000000,2430.000000,2430.000000,2430.000000,0.656379,0.670782,0.602058,0.627984,0.855754,-0.137990,0.111846,0.278638,0.147838,1.884748,0.496168,2016-01-01,2025-12-31,20260525_220745
RSQR10,alpha158,,,1,0.329601,0.098118,0.009156,0.012589,-0.000785,0.002802,0.093265,0.090652,0.096016,0.095604,4.839479,6.845669,-0.403193,1.444972,0.098174,0.138871,-0.008179,0.029313,2430.000000,2430.000000,2430.000000,2430.000000,0.517284,0.532510,0.473663,0.479012,0.406006,0.023101,0.028638,0.004032,0.076153,0.052948,1.605046,2016-01-01,2025-12-31,20260525_220745
RSQR20,alpha158,,,1,0.329545,0.098117,0.005582,0.010641,0.003233,0.003522,0.094004,0.096797,0.092891,0.094744,2.926996,5.419275,1.715617,1.832639,0.059377,0.109936,0.034803,0.037177,2430.000000,2430.000000,2430.000000,2430.000000,0.509465,0.525514,0.493416,0.494239,0.303919,0.024365,0.031750,0.007112,0.075951,0.093642,1.300084,2016-01-01,2025-12-31,20260525_220745
RSQR30,alpha158,,,1,0.329533,0.098117,0.003201,0.009857,-0.000068,0.000930,0.095102,0.094645,0.092555,0.093575,1.659011,5.134144,-0.036017,0.489855,0.033655,0.104151,-0.000731,0.009937,2430.000000,2430.000000,2430.000000,2430.000000,0.490535,0.530041,0.483128,0.476132,-0.172101,0.027899,0.020583,-0.007548,0.074764,-0.100960,1.064259,2016-01-01,2025-12-31,20260525_220745
RSQR5,alpha158,,,1,0.329755,0.098146,0.004424,0.005461,-0.003094,0.001536,0.084653,0.086848,0.088422,0.087283,2.576223,3.099910,-1.724667,0.867373,0.052261,0.062885,-0.034987,0.017596,2430.000000,2430.000000,2430.000000,2430.000000,0.520576,0.504527,0.482716,0.500000,-0.032689,0.023593,0.017015,-0.009091,0.077587,-0.117169,1.615458,2016-01-01,2025-12-31,20260525_220745
RSQR60,alpha158,,,1,0.329525,0.098117,0.006418,0.002836,0.003292,0.005405,0.095003,0.093068,0.089225,0.092089,3.330024,1.502099,1.818753,2.893301,0.067553,0.030472,0.036895,0.058694,2430.000000,2430.000000,2430.000000,2430.000000,0.507819,0.492593,0.513169,0.505350,0.974863,0.005683,0.063387,0.057639,0.075961,0.758796,0.667444,2016-01-01,2025-12-31,20260525_220745
RSV10,alpha158,,,-1,0.329498,0.098117,0.016364,0.020862,0.023101,0.019607,0.125242,0.123276,0.133357,0.126972,6.440701,8.342219,8.539044,7.612192,0.130656,0.169230,0.173223,0.154421,2430.000000,2430.000000,2430.000000,2430.000000,0.537449,0.542798,0.574074,0.544033,0.559226,-0.073289,0.030058,0.110306,0.115704,0.953345,1.366104,2016-01-01,2025-12-31,20260525_220745
RSV20,alpha158,,,-1,0.329498,0.098117,0.029361,0.033910,0.028652,0.029147,0.130666,0.128792,0.138399,0.131801,11.076757,12.978919,10.205159,10.901419,0.224703,0.263291,0.207022,0.221146,2430.000000,2430.000000,2430.000000,2430.000000,0.568313,0.581481,0.592181,0.585597,0.637087,-0.083294,0.040486,0.132525,0.122613,1.080839,1.099619,2016-01-01,2025-12-31,20260525_220745
RSV30,alpha158,,,-1,0.329498,0.098117,0.036086,0.038444,0.032488,0.035206,0.135534,0.134004,0.142466,0.137480,13.124966,14.142045,11.241089,12.623573,0.266253,0.286886,0.228037,0.256082,2430.000000,2430.000000,2430.000000,2430.000000,0.589300,0.591358,0.594239,0.597942,0.664198,-0.095149,0.049008,0.155551,0.126995,1.224857,0.955428,2016-01-01,2025-12-31,20260525_220745
RSV5,alpha158,,,-1,0.329498,0.098117,0.011339,0.012531,0.021067,0.016901,0.117956,0.116582,0.127310,0.121727,4.738710,5.298633,8.157281,6.844119,0.096130,0.107488,0.165479,0.138840,2430.000000,2430.000000,2430.000000,2430.000000,0.519753,0.521399,0.561728,0.550206,0.672646,-0.079785,0.045034,0.134587,0.108052,1.245572,1.609974,2016-01-01,2025-12-31,20260525_220745
RSV60,alpha158,,,-1,0.329498,0.098117,0.043441,0.045537,0.035725,0.041088,0.144458,0.143075,0.148365,0.146683,14.823721,15.689202,11.869799,13.808136,0.300714,0.318271,0.240791,0.280112,2430.000000,2430.000000,2430.000000,2430.000000,0.618519,0.617695,0.599588,0.611111,0.751829,-0.094784,0.060154,0.165437,0.134038,1.234255,0.727608,2016-01-01,2025-12-31,20260525_220745
STD10,alpha158,,,-1,0.329498,0.098117,0.058101,0.063472,0.046729,0.053005,0.156422,0.160257,0.157575,0.154969,18.309877,19.523996,14.618549,16.860706,0.371435,0.396064,0.296552,0.342037,2430.000000,2430.000000,2430.000000,2430.000000,0.691358,0.695473,0.657613,0.672016,0.692570,-0.099655,0.054668,0.140031,0.140425,0.997192,1.043751,2016-01-01,2025-12-31,20260525_220745
STD20,alpha158,,,-1,0.329498,0.098117,0.047224,0.053375,0.037532,0.043032,0.167295,0.166741,0.168618,0.167574,13.914964,15.779715,10.972318,12.658733,0.282279,0.320108,0.222585,0.256795,2430.000000,2430.000000,2430.000000,2430.000000,0.664609,0.672428,0.613992,0.635391,0.715346,-0.056054,0.046669,0.076762,0.144174,0.532424,0.670347,2016-01-01,2025-12-31,20260525_220745
STD30,alpha158,,,-1,0.329498,0.098117,0.041622,0.049489,0.031951,0.036656,0.171471,0.169792,0.174389,0.174211,11.965546,14.368003,9.031752,10.372157,0.242733,0.291470,0.183218,0.210410,2430.000000,2430.000000,2430.000000,2430.000000,0.639095,0.639918,0.591770,0.613169,0.770444,-0.028007,0.048475,0.046195,0.146825,0.314623,0.499118,2016-01-01,2025-12-31,20260525_220745
STD5,alpha158,,,-1,0.329498,0.098117,0.061303,0.067790,0.049517,0.054452,0.142504,0.145902,0.144022,0.140677,21.205723,22.903893,16.948191,19.080661,0.430180,0.464629,0.343811,0.387071,2430.000000,2430.000000,2430.000000,2430.000000,0.704115,0.720988,0.680247,0.674897,0.652456,-0.124776,0.056331,0.180169,0.127965,1.407953,1.312148,2016-01-01,2025-12-31,20260525_220745
STD60,alpha158,,,-1,0.329498,0.098117,0.034485,0.046185,0.024698,0.028700,0.179985,0.172196,0.180560,0.182522,9.444916,13.221602,6.742762,7.751090,0.191600,0.268214,0.136784,0.157239,2430.000000,2430.000000,2430.000000,2430.000000,0.602881,0.627984,0.572840,0.584362,0.985412,0.011818,0.053592,0.008182,0.149723,0.054648,0.297846,2016-01-01,2025-12-31,20260525_220745
SUMD10,alpha158,,,-1,0.329498,0.098117,0.031521,0.037442,0.032745,0.032895,0.129722,0.129185,0.132696,0.130137,11.978002,14.287126,12.164465,12.460344,0.242986,0.289829,0.246769,0.252771,2430.000000,2430.000000,2430.000000,2430.000000,0.597942,0.598765,0.594239,0.596296,0.714398,-0.086998,0.053840,0.150453,0.119664,1.257293,1.182291,2016-01-01,2025-12-31,20260525_220745
SUMD20,alpha158,,,-1,0.329498,0.098117,0.050342,0.052806,0.040630,0.046381,0.135647,0.136014,0.138753,0.136519,18.294541,19.138293,14.434754,16.747330,0.371123,0.388240,0.292824,0.339737,2430.000000,2430.000000,2430.000000,2430.000000,0.642798,0.646914,0.618519,0.634568,0.748863,-0.120463,0.074108,0.214464,0.128019,1.675253,0.864718,2016-01-01,2025-12-31,20260525_220745
SUMD30,alpha158,,,-1,0.329498,0.098117,0.052810,0.056295,0.041843,0.049733,0.138783,0.139441,0.142207,0.139233,18.757821,19.901332,14.504634,17.607865,0.380522,0.403719,0.294241,0.357194,2430.000000,2430.000000,2430.000000,2430.000000,0.648971,0.646091,0.610288,0.637449,0.792150,-0.127727,0.090519,0.242242,0.130679,1.853719,0.720875,2016-01-01,2025-12-31,20260525_220745
SUMD5,alpha158,,,-1,0.329498,0.098117,0.021896,0.023751,0.030558,0.025614,0.121654,0.122138,0.128692,0.125414,8.872421,9.586050,11.704981,10.067729,0.179986,0.194463,0.237447,0.204234,2430.000000,2430.000000,2430.000000,2430.000000,0.558025,0.573251,0.592593,0.572840,0.674040,-0.082558,0.045290,0.136142,0.113333,1.201256,1.613122,2016-01-01,2025-12-31,20260525_220745
SUMD60,alpha158,,,-1,0.329498,0.098117,0.051894,0.054769,0.037342,0.046962,0.140884,0.141070,0.145389,0.144419,18.157641,19.138272,12.661083,16.029781,0.368346,0.388239,0.256843,0.325180,2430.000000,2430.000000,2430.000000,2430.000000,0.638272,0.654733,0.594650,0.619753,0.831609,-0.114598,0.090017,0.220771,0.134478,1.641689,0.528592,2016-01-01,2025-12-31,20260525_220745
SUMN10,alpha158,,,1,0.329498,0.098117,0.031774,0.037665,0.033017,0.033174,0.129648,0.129090,0.132649,0.130072,12.081042,14.382970,12.269945,12.572269,0.245076,0.291773,0.248908,0.255041,2430.000000,2430.000000,2430.000000,2430.000000,0.598765,0.599588,0.594650,0.595473,0.713739,-0.089294,0.054396,0.153954,0.119622,1.286998,1.182652,2016-01-01,2025-12-31,20260525_220745
SUMN20,alpha158,,,1,0.329498,0.098117,0.050521,0.052972,0.040811,0.046568,0.135613,0.135961,0.138727,0.136484,18.364405,19.205952,14.501820,16.819219,0.372541,0.389612,0.294184,0.341195,2430.000000,2430.000000,2430.000000,2430.000000,0.643621,0.648148,0.618930,0.635391,0.747837,-0.122260,0.074471,0.217357,0.127996,1.698158,0.864973,2016-01-01,2025-12-31,20260525_220745
SUMN30,alpha158,,,1,0.329498,0.098117,0.052954,0.056429,0.041997,0.049885,0.138755,0.139400,0.142181,0.139203,18.812694,19.954428,14.560585,17.665566,0.381635,0.404796,0.295376,0.358364,2430.000000,2430.000000,2430.000000,2430.000000,0.649383,0.645679,0.610288,0.637860,0.790699,-0.129189,0.090903,0.244760,0.130671,1.873106,0.721185,2016-01-01,2025-12-31,20260525_220745
SUMN5,alpha158,,,1,0.329498,0.098117,0.022285,0.024090,0.030997,0.026041,0.121525,0.122030,0.128658,0.125301,9.039552,9.731428,11.876589,10.244938,0.183377,0.197412,0.240929,0.207829,2430.000000,2430.000000,2430.000000,2430.000000,0.558436,0.575309,0.595062,0.575720,0.670498,-0.086747,0.045892,0.141989,0.113311,1.253096,1.613529,2016-01-01,2025-12-31,20260525_220745
SUMN60,alpha158,,,1,0.329498,0.098117,0.051986,0.054850,0.037433,0.047059,0.140852,0.141048,0.145370,0.144393,18.193960,19.169514,12.693623,16.065726,0.369083,0.388873,0.257503,0.325910,2430.000000,2430.000000,2430.000000,2430.000000,0.638272,0.654733,0.594650,0.619342,0.829837,-0.115420,0.089985,0.221866,0.134447,1.650216,0.528762,2016-01-01,2025-12-31,20260525_220745
SUMP10,alpha158,,,-1,0.329498,0.098117,0.031094,0.037072,0.032289,0.032450,0.129582,0.128988,0.132633,0.130047,11.828801,14.167774,12.000715,12.300388,0.239959,0.287408,0.243447,0.249526,2430.000000,2430.000000,2430.000000,2430.000000,0.597531,0.597942,0.592593,0.593004,0.695775,-0.085932,0.050162,0.145121,0.119587,1.213515,1.182211,2016-01-01,2025-12-31,20260525_220745
SUMP20,alpha158,,,-1,0.329498,0.098117,0.050011,0.052513,0.040304,0.046055,0.135557,0.135910,0.138716,0.136470,18.186282,19.046710,14.322685,16.635642,0.368927,0.386382,0.290550,0.337471,2430.000000,2430.000000,2430.000000,2430.000000,0.642387,0.646091,0.616872,0.632922,0.739523,-0.119456,0.071276,0.209886,0.127993,1.639825,0.864641,2016-01-01,2025-12-31,20260525_220745
SUMP30,alpha158,,,-1,0.329498,0.098117,0.052502,0.056024,0.041539,0.049426,0.138728,0.139374,0.142172,0.139200,18.655811,19.814917,14.402838,17.503184,0.378452,0.401966,0.292176,0.355070,2430.000000,2430.000000,2430.000000,2430.000000,0.648560,0.645679,0.608230,0.637037,0.784148,-0.126967,0.087768,0.238048,0.130664,1.821840,0.720838,2016-01-01,2025-12-31,20260525_220745
SUMP5,alpha158,,,-1,0.329498,0.098117,0.021344,0.023268,0.029904,0.025005,0.121500,0.121911,0.128581,0.125274,8.659555,9.408540,11.464508,9.839435,0.175668,0.190862,0.232569,0.199603,2430.000000,2430.000000,2430.000000,2430.000000,0.556379,0.572428,0.590535,0.570370,0.642590,-0.081587,0.040035,0.129266,0.113220,1.141729,1.612793,2016-01-01,2025-12-31,20260525_220745
SUMP60,alpha158,,,-1,0.329498,0.098117,0.051673,0.054557,0.037126,0.046743,0.140861,0.141030,0.145368,0.144407,18.083217,19.069453,12.589467,15.956134,0.366837,0.386843,0.255390,0.323686,2430.000000,2430.000000,2430.000000,2430.000000,0.637860,0.653498,0.594239,0.618930,0.826392,-0.113852,0.088040,0.217538,0.134481,1.617608,0.528578,2016-01-01,2025-12-31,20260525_220745
VMA10,alpha158,,,1,0.329498,0.098117,0.015830,0.017352,0.020971,0.019409,0.079295,0.077122,0.084145,0.082166,9.841214,11.091010,12.285607,11.644143,0.199639,0.224992,0.249226,0.236213,2430.000000,2430.000000,2430.000000,2430.000000,0.591770,0.593827,0.626337,0.609877,0.446074,-0.087993,0.020542,0.116440,0.070273,1.656970,1.589181,2016-01-01,2025-12-31,20260525_220745
VMA20,alpha158,,,1,0.329498,0.098117,0.028258,0.029263,0.029582,0.029852,0.085683,0.083951,0.091026,0.088362,16.257547,17.183206,16.019894,16.653529,0.329801,0.348579,0.324980,0.337834,2430.000000,2430.000000,2430.000000,2430.000000,0.643621,0.649383,0.636214,0.650617,0.484135,-0.106885,0.030596,0.150521,0.078596,1.915141,1.363898,2016-01-01,2025-12-31,20260525_220745
VMA30,alpha158,,,1,0.329498,0.098117,0.036673,0.037492,0.035768,0.037484,0.089190,0.087500,0.094611,0.091984,20.268966,21.121796,18.636409,20.088347,0.411177,0.428477,0.378059,0.407513,2430.000000,2430.000000,2430.000000,2430.000000,0.674074,0.673251,0.659671,0.672840,0.541485,-0.115252,0.038145,0.169049,0.083630,2.021392,1.257480,2016-01-01,2025-12-31,20260525_220745
VMA5,alpha158,,,1,0.329498,0.098117,0.009664,0.010198,0.013508,0.013726,0.074156,0.072883,0.077815,0.076407,6.423957,6.897794,8.556856,8.855266,0.130317,0.139929,0.173585,0.179638,2430.000000,2430.000000,2430.000000,2430.000000,0.558436,0.576543,0.588477,0.586831,0.579447,-0.062514,0.041809,0.109032,0.064018,1.703146,1.655830,2016-01-01,2025-12-31,20260525_220745
VMA60,alpha158,,,1,0.329498,0.098117,0.050386,0.052432,0.044465,0.049119,0.097394,0.095846,0.101308,0.099083,25.502330,26.966542,21.636205,24.437306,0.517341,0.547044,0.438912,0.495736,2430.000000,2430.000000,2430.000000,2430.000000,0.706173,0.716461,0.692593,0.695062,0.607021,-0.137077,0.053762,0.214875,0.092121,2.332536,1.119807,2016-01-01,2025-12-31,20260525_220745
VSTD10,alpha158,,,-1,0.329498,0.098117,0.020139,0.018626,0.012083,0.016287,0.066436,0.065173,0.068587,0.067462,14.943239,14.088411,8.683965,11.901325,0.303139,0.285798,0.176163,0.241431,2430.000000,2430.000000,2430.000000,2430.000000,0.644033,0.619342,0.580658,0.606173,0.745157,-0.000887,0.053931,0.053071,0.052187,1.016947,1.384944,2016-01-01,2025-12-31,20260525_220745
VSTD20,alpha158,,,-1,0.329498,0.098117,0.004351,0.003951,-0.001910,0.001279,0.074203,0.073792,0.077593,0.074764,2.890789,2.639501,-1.213525,0.843424,0.058643,0.053545,-0.024618,0.017110,2430.000000,2430.000000,2430.000000,2430.000000,0.531687,0.519753,0.490123,0.506173,-0.116766,0.012580,0.000601,-0.015057,0.061388,-0.245273,1.176373,2016-01-01,2025-12-31,20260525_220745
VSTD30,alpha158,,,1,0.329498,0.098117,0.007217,0.007406,0.011999,0.010202,0.081210,0.080600,0.084116,0.081666,4.380502,4.529548,7.031681,6.158270,0.088863,0.091887,0.142645,0.124927,2430.000000,2430.000000,2430.000000,2430.000000,0.530041,0.540741,0.551440,0.545267,0.473413,-0.028763,0.032461,0.062028,0.069339,0.894558,1.097561,2016-01-01,2025-12-31,20260525_220745
VSTD5,alpha158,,,-1,0.329498,0.098117,0.023338,0.021374,0.019480,0.020468,0.062083,0.059978,0.061504,0.061842,18.530635,17.566764,15.613325,16.315780,0.375913,0.356360,0.316732,0.330982,2430.000000,2430.000000,2430.000000,2430.000000,0.675309,0.669959,0.645267,0.641564,0.971782,0.004361,0.057965,0.053351,0.046526,1.146708,1.576976,2016-01-01,2025-12-31,20260525_220745
VSTD60,alpha158,,,1,0.329498,0.098117,0.030458,0.031463,0.028306,0.030634,0.094192,0.093811,0.096232,0.094840,15.939899,16.532926,14.499967,15.922547,0.323357,0.335387,0.294147,0.323005,2430.000000,2430.000000,2430.000000,2430.000000,0.637860,0.639506,0.636214,0.637037,0.704909,-0.076905,0.067530,0.154602,0.084094,1.838440,1.005554,2016-01-01,2025-12-31,20260525_220745
VSUMD10,alpha158,,,-1,0.329498,0.098117,0.025735,0.026740,0.027768,0.027439,0.079997,0.078202,0.084294,0.082885,15.858015,16.855751,16.238655,16.319097,0.321696,0.341936,0.329418,0.331050,2430.000000,2430.000000,2430.000000,2430.000000,0.639095,0.648971,0.633333,0.643621,0.551845,-0.088396,0.037762,0.136121,0.072744,1.871242,1.485745,2016-01-01,2025-12-31,20260525_220745
VSUMD20,alpha158,,,-1,0.329498,0.098117,0.040327,0.040350,0.037669,0.039741,0.086342,0.082178,0.088966,0.086464,23.023745,24.204254,20.871730,22.656955,0.467060,0.491008,0.423404,0.459619,2430.000000,2430.000000,2430.000000,2430.000000,0.707819,0.704938,0.682716,0.694650,0.605230,-0.104976,0.059731,0.179517,0.081418,2.204871,1.313658,2016-01-01,2025-12-31,20260525_220745
VSUMD30,alpha158,,,-1,0.329498,0.098117,0.044915,0.047134,0.040730,0.045170,0.088560,0.087716,0.092034,0.089228,25.000924,26.488188,21.815731,24.954708,0.507169,0.537340,0.442554,0.506232,2430.000000,2430.000000,2430.000000,2430.000000,0.700412,0.717284,0.686420,0.703704,0.643700,-0.121624,0.062168,0.203302,0.085667,2.373163,1.224673,2016-01-01,2025-12-31,20260525_220745
VSUMD5,alpha158,,,-1,0.329498,0.098117,0.015732,0.015906,0.022757,0.019254,0.075112,0.072495,0.079219,0.077025,10.324677,10.815372,14.160949,12.322078,0.209447,0.219401,0.287269,0.249966,2430.000000,2430.000000,2430.000000,2430.000000,0.593416,0.597531,0.631276,0.612346,0.563239,-0.064852,0.036877,0.107499,0.066240,1.622882,1.806428,2016-01-01,2025-12-31,20260525_220745
VSUMD60,alpha158,,,-1,0.329498,0.098117,0.056343,0.059158,0.044104,0.052467,0.092216,0.090490,0.095799,0.093480,30.118482,32.226871,22.694263,27.667628,0.610984,0.653755,0.460376,0.561266,2430.000000,2430.000000,2430.000000,2430.000000,0.734568,0.764198,0.693416,0.720988,0.707145,-0.138139,0.079962,0.244532,0.089239,2.740200,1.101839,2016-01-01,2025-12-31,20260525_220745
VSUMN10,alpha158,,,1,0.329498,0.098117,0.026014,0.026991,0.028041,0.027724,0.079960,0.078165,0.084276,0.082865,16.037875,17.022014,16.401930,16.492565,0.325345,0.345309,0.332730,0.334569,2430.000000,2430.000000,2430.000000,2430.000000,0.641975,0.648971,0.634979,0.645267,0.551771,-0.091151,0.038061,0.139889,0.072700,1.924190,1.485412,2016-01-01,2025-12-31,20260525_220745
VSUMN20,alpha158,,,1,0.329498,0.098117,0.040558,0.040561,0.037900,0.039976,0.086340,0.082167,0.088957,0.086464,23.156032,24.333990,21.002241,22.791090,0.469744,0.493640,0.426052,0.462341,2430.000000,2430.000000,2430.000000,2430.000000,0.709053,0.706173,0.682305,0.696296,0.604237,-0.107536,0.060068,0.183259,0.081411,2.251052,1.313333,2016-01-01,2025-12-31,20260525_220745
VSUMN30,alpha158,,,1,0.329498,0.098117,0.045125,0.047332,0.040939,0.045387,0.088557,0.087700,0.092034,0.089226,25.118800,26.604781,21.927901,25.074774,0.509560,0.539705,0.444830,0.508667,2430.000000,2430.000000,2430.000000,2430.000000,0.701235,0.718519,0.688066,0.704527,0.641460,-0.124182,0.062530,0.207213,0.085675,2.418604,1.224390,2016-01-01,2025-12-31,20260525_220745
VSUMN5,alpha158,,,1,0.329498,0.098117,0.016106,0.016232,0.023159,0.019656,0.075060,0.072453,0.079226,0.076997,10.577586,11.043599,14.409477,12.584217,0.214577,0.224031,0.292311,0.255284,2430.000000,2430.000000,2430.000000,2430.000000,0.593827,0.600000,0.632510,0.615638,0.560228,-0.069003,0.037123,0.112675,0.066219,1.701555,1.805893,2016-01-01,2025-12-31,20260525_220745
VSUMN60,alpha158,,,1,0.329498,0.098117,0.056499,0.059306,0.044264,0.052631,0.092209,0.090488,0.095793,0.093475,30.204461,32.307802,22.778429,27.755600,0.612728,0.655397,0.462084,0.563051,2430.000000,2430.000000,2430.000000,2430.000000,0.734156,0.764609,0.694239,0.722222,0.704587,-0.140257,0.080004,0.247640,0.089229,2.775324,1.101600,2016-01-01,2025-12-31,20260525_220745
VSUMP10,alpha158,,,-1,0.329498,0.098117,0.025421,0.026454,0.027449,0.027118,0.079963,0.078169,0.084256,0.082853,15.671577,16.682511,16.059216,16.134450,0.317914,0.338422,0.325778,0.327304,2430.000000,2430.000000,2430.000000,2430.000000,0.636626,0.648148,0.631687,0.640741,0.532488,-0.088126,0.034418,0.132129,0.072778,1.815503,1.486181,2016-01-01,2025-12-31,20260525_220745
VSUMP20,alpha158,,,-1,0.329498,0.098117,0.040050,0.040097,0.037396,0.039460,0.086291,0.082141,0.088946,0.086425,22.879123,24.063516,20.725047,22.506898,0.464126,0.488153,0.420429,0.456575,2430.000000,2430.000000,2430.000000,2430.000000,0.706996,0.704115,0.681481,0.693416,0.590133,-0.104899,0.056693,0.176045,0.081430,2.161918,1.314076,2016-01-01,2025-12-31,20260525_220745
VSUMP30,alpha158,,,-1,0.329498,0.098117,0.044647,0.046897,0.040466,0.044900,0.088533,0.087720,0.092000,0.089204,24.859460,26.354521,21.682143,24.812495,0.504300,0.534628,0.439844,0.503347,2430.000000,2430.000000,2430.000000,2430.000000,0.699588,0.716049,0.686008,0.702058,0.630846,-0.121581,0.059407,0.200132,0.085654,2.336511,1.225168,2016-01-01,2025-12-31,20260525_220745
VSUMP5,alpha158,,,-1,0.329498,0.098117,0.015297,0.015524,0.022245,0.018769,0.075114,0.072483,0.079134,0.076998,10.039140,10.557375,13.857201,12.016298,0.203654,0.214167,0.281107,0.243763,2430.000000,2430.000000,2430.000000,2430.000000,0.588889,0.595885,0.630041,0.610700,0.526832,-0.064648,0.032096,0.102165,0.066242,1.542301,1.806774,2016-01-01,2025-12-31,20260525_220745
VSUMP60,alpha158,,,-1,0.329498,0.098117,0.056133,0.058961,0.043899,0.052255,0.092198,0.090454,0.095791,0.093468,30.012277,32.132086,22.590804,27.559183,0.608830,0.651832,0.458278,0.559066,2430.000000,2430.000000,2430.000000,2430.000000,0.734979,0.764198,0.692593,0.719753,0.697099,-0.138166,0.077131,0.241320,0.089244,2.704034,1.102152,2016-01-01,2025-12-31,20260525_220745
VWAP0,alpha158,,,1,0.329862,0.098117,0.014998,0.014098,0.022886,0.019028,0.109562,0.106601,0.120130,0.115913,6.748030,6.519069,9.390989,8.092319,0.136891,0.132246,0.190506,0.164161,2430.000000,2430.000000,2430.000000,2430.000000,0.550206,0.558025,0.579012,0.568313,0.511309,-0.110637,0.023054,0.149617,0.096721,1.546894,1.540227,2016-01-01,2025-12-31,20260525_220745
WVMA10,alpha158,,,-1,0.329498,0.098117,0.012988,0.008429,0.015445,0.014433,0.057717,0.058320,0.058866,0.058798,11.093171,7.124256,12.933853,12.099913,0.225036,0.144523,0.262376,0.245459,2430.000000,2430.000000,2430.000000,2430.000000,0.613169,0.591770,0.627160,0.632099,0.714851,-0.021964,0.047976,0.073629,0.049759,1.479713,1.241239,2016-01-01,2025-12-31,20260525_220745
WVMA20,alpha158,,,-1,0.329498,0.098117,0.017719,0.014697,0.018481,0.018956,0.064220,0.061098,0.060874,0.062569,13.601159,11.857960,14.965888,14.934522,0.275913,0.240551,0.303598,0.302962,2430.000000,2430.000000,2430.000000,2430.000000,0.659259,0.653498,0.653086,0.652675,0.829613,-0.034730,0.062390,0.102693,0.051637,1.988745,0.835688,2016-01-01,2025-12-31,20260525_220745
WVMA30,alpha158,,,-1,0.329498,0.098117,0.018991,0.014571,0.017106,0.018613,0.068141,0.063478,0.064670,0.067316,13.738938,11.315583,13.039354,13.630482,0.278708,0.229548,0.264517,0.276508,2430.000000,2430.000000,2430.000000,2430.000000,0.666667,0.644856,0.637860,0.658848,0.809989,-0.038534,0.059374,0.103425,0.056126,1.842732,0.638140,2016-01-01,2025-12-31,20260525_220745
WVMA5,alpha158,,,-1,0.329498,0.098117,0.004812,0.001700,0.007959,0.005963,0.053529,0.053893,0.055359,0.054751,4.431239,1.555088,7.086943,5.368752,0.089892,0.031547,0.143766,0.108911,2430.000000,2430.000000,2430.000000,2430.000000,0.553086,0.532922,0.580247,0.567490,0.548022,0.001714,0.031202,0.031672,0.047003,0.673828,1.599773,2016-01-01,2025-12-31,20260525_220745
WVMA60,alpha158,,,-1,0.329498,0.098117,0.013511,0.009945,0.013002,0.014061,0.071720,0.069163,0.069582,0.071747,9.286196,7.087893,9.211292,9.660785,0.188380,0.143785,0.186860,0.195979,2430.000000,2430.000000,2430.000000,2430.000000,0.606584,0.590947,0.606173,0.620576,0.804936,-0.034493,0.056802,0.094771,0.063062,1.502814,0.385025,2016-01-01,2025-12-31,20260525_220745
eruption_followup_ratio,spec,kysec,paper_27_microstructure,-1,0.321670,0.102522,0.106132,0.123285,0.072199,0.090699,0.128372,0.133730,0.124083,0.125698,40.595332,45.266995,28.570624,35.430070,0.826756,0.921898,0.581864,0.721562,2411.000000,2411.000000,2411.000000,2411.000000,0.802986,0.819162,0.727084,0.769390,0.931003,-0.173444,0.202054,0.432326,0.109139,3.961245,0.466485,2016-01-01,2025-12-31,20260525_220745
eruption_turnover_corr,spec,kysec,paper_27_microstructure,-1,0.321670,0.102522,0.075551,0.086958,0.053312,0.065291,0.097862,0.100610,0.096291,0.097124,37.907417,42.439015,27.185398,33.008727,0.772015,0.864304,0.553652,0.672249,2411.000000,2411.000000,2411.000000,2411.000000,0.799668,0.816674,0.731232,0.769390,0.987154,-0.073962,0.169199,0.247269,0.080860,3.057999,0.577610,2016-01-01,2025-12-31,20260525_220745
eruption_turnover_sensitivity,spec,kysec,paper_27_microstructure,-1,0.321670,0.102522,0.063136,0.074170,0.044497,0.054200,0.094814,0.098792,0.091381,0.093067,32.696841,36.864427,23.909404,28.595977,0.665897,0.750773,0.486934,0.582380,2411.000000,2411.000000,2411.000000,2411.000000,0.773123,0.790958,0.713397,0.741601,0.998971,-0.025837,0.147444,0.165877,0.074011,2.241243,0.589376,2016-01-01,2025-12-31,20260525_220745
npf_apoq_mrq,spec,fundamental,npf_series,1,0.335474,0.098356,0.006606,0.007587,0.005444,0.006242,0.049953,0.051763,0.044320,0.047836,6.519156,7.225277,6.055488,6.431933,0.132248,0.146572,0.122842,0.130478,2430.000000,2430.000000,2430.000000,2430.000000,0.551029,0.541152,0.548971,0.549383,0.749866,0.004531,0.042887,0.035234,0.038007,0.927020,0.159368,2016-01-01,2025-12-31,20260525_220745
npf_ayoy_mrq,spec,fundamental,npf_series,1,0.335300,0.098119,0.016011,0.018395,0.011282,0.013981,0.081222,0.088576,0.067431,0.073790,9.717048,10.237302,8.247344,9.339654,0.197120,0.207674,0.167306,0.189464,2430.000000,2430.000000,2430.000000,2430.000000,0.595062,0.589300,0.574074,0.579835,0.951634,-0.013376,0.070287,0.080514,0.056271,1.430821,0.111859,2016-01-01,2025-12-31,20260525_220745
npf_mrq_accs8,spec,fundamental,npf_series,1,0.522523,0.352142,0.016728,0.020184,0.010783,0.013830,0.056699,0.058166,0.049429,0.053392,14.544131,17.105983,10.753865,12.768546,0.295043,0.347012,0.218153,0.259023,2430.000000,2430.000000,2430.000000,2430.000000,0.630864,0.636214,0.592593,0.608230,0.979255,-0.012867,0.088519,0.102333,0.043690,2.342232,0.125508,2016-01-01,2025-12-31,20260525_220745
npf_mrq_sue8,spec,fundamental,npf_series,1,0.335180,0.098119,0.018364,0.021893,0.012522,0.015737,0.083919,0.089261,0.069865,0.076667,10.787362,12.090814,8.835100,10.118711,0.218833,0.245275,0.179229,0.205268,2430.000000,2430.000000,2430.000000,2430.000000,0.599177,0.602469,0.566255,0.587654,0.998275,-0.010891,0.086802,0.095026,0.058222,1.632144,0.115652,2016-01-01,2025-12-31,20260525_220745
npf_pqoq_mrq,spec,fundamental,npf_series,1,0.450490,0.277620,0.012590,0.015126,0.009631,0.011315,0.068807,0.071435,0.062623,0.066416,9.019724,10.437786,7.581599,8.398134,0.182974,0.211741,0.153800,0.170365,2430.000000,2430.000000,2430.000000,2430.000000,0.569959,0.574897,0.551852,0.553909,0.875755,0.000677,0.052609,0.046860,0.050366,0.930375,0.167202,2016-01-01,2025-12-31,20260525_220745
npf_pyoy_mrq,spec,fundamental,npf_series,1,0.425931,0.243909,0.019679,0.022976,0.013740,0.017045,0.097031,0.105121,0.081108,0.088534,9.997539,10.774291,8.350644,9.490651,0.202810,0.218567,0.169401,0.192528,2430.000000,2430.000000,2430.000000,2430.000000,0.583128,0.590123,0.564609,0.575309,0.962613,-0.018365,0.072718,0.086934,0.067657,1.284931,0.117995,2016-01-01,2025-12-31,20260525_220745
pe_mrq,spec,fundamental,pe_series,-1,0.335180,0.098119,0.016491,0.020365,0.010315,0.013112,0.085671,0.091838,0.077293,0.081401,9.488688,10.931265,6.578568,7.940659,0.192488,0.221752,0.133453,0.161084,2430.000000,2430.000000,2430.000000,2430.000000,0.565021,0.556379,0.539506,0.548971,0.659911,-0.022276,0.032064,0.052618,0.055595,0.946443,0.121730,2016-01-01,2025-12-31,20260525_220745
pe_ttm_delta60,spec,fundamental,pe_series,-1,0.345799,0.112497,0.028832,0.032878,0.018352,0.024519,0.074330,0.074831,0.073429,0.074068,18.883638,21.389228,12.167274,16.115476,0.387893,0.439360,0.249930,0.331031,2370.000000,2370.000000,2370.000000,2370.000000,0.666667,0.665823,0.600000,0.632489,0.801041,-0.048744,0.060268,0.112345,0.058790,1.910953,0.337965,2016-01-01,2025-12-31,20260525_220745
pe_ttm_new,spec,fundamental,pe_series,-1,0.335354,0.098356,0.018827,0.023161,0.011489,0.014660,0.100804,0.106973,0.090241,0.095653,9.206987,10.672930,6.276028,7.555278,0.186773,0.216511,0.127316,0.153267,2430.000000,2430.000000,2430.000000,2430.000000,0.561728,0.557202,0.531276,0.529218,0.772391,-0.023684,0.045506,0.065785,0.067854,0.969511,0.083868,2016-01-01,2025-12-31,20260525_220745
peak_interval_kurt,spec,kysec,paper_27_microstructure,1,0.321777,0.102665,0.032920,0.044485,0.016125,0.024779,0.081984,0.084004,0.081355,0.081177,19.716402,26.002090,9.732019,14.988482,0.401540,0.529553,0.198200,0.305252,2411.000000,2411.000000,2411.000000,2411.000000,0.669847,0.717959,0.580672,0.633347,0.907133,-0.034356,0.104326,0.136183,0.065574,2.076776,0.693307,2016-01-01,2025-12-31,20260525_220745
peak_interval_skew,spec,kysec,paper_27_microstructure,1,0.321777,0.102665,0.036535,0.048997,0.018234,0.027677,0.086746,0.089101,0.086166,0.085982,20.680613,27.001272,10.390545,15.805691,0.421177,0.549902,0.211612,0.321895,2411.000000,2411.000000,2411.000000,2411.000000,0.674824,0.720448,0.585649,0.643716,0.948291,-0.037945,0.120511,0.156758,0.069627,2.251412,0.661331,2016-01-01,2025-12-31,20260525_220745
peak_interval_std,spec,kysec,paper_27_microstructure,-1,0.321777,0.102665,0.049845,0.064589,0.026651,0.038665,0.107212,0.109975,0.104700,0.105015,22.828646,28.838032,12.498851,18.078685,0.464924,0.587309,0.254549,0.368187,2411.000000,2411.000000,2411.000000,2411.000000,0.680630,0.738283,0.608046,0.652012,0.977689,-0.060200,0.153228,0.217130,0.085438,2.541380,0.531863,2016-01-01,2025-12-31,20260525_220745
peak_minute_count,spec,kysec,paper_27_microstructure,1,0.321585,0.102522,0.052553,0.067935,0.029023,0.041176,0.108629,0.111058,0.107360,0.107506,23.754881,30.035850,13.273919,18.806662,0.483787,0.611704,0.270334,0.383013,2411.000000,2411.000000,2411.000000,2411.000000,0.693903,0.740357,0.606802,0.662796,0.976067,-0.073193,0.159395,0.239177,0.087343,2.738354,0.517458,2016-01-01,2025-12-31,20260525_220745
peak_ridge_price_ratio,spec,kysec,paper_27_microstructure,1,0.837649,0.785111,0.081031,0.086236,0.057050,0.070814,0.100046,0.100196,0.096473,0.097397,39.769468,42.260815,29.036934,35.700324,0.809937,0.860675,0.591360,0.727066,2411.000000,2411.000000,2411.000000,2411.000000,0.798424,0.813770,0.730402,0.774367,0.884327,-0.164240,0.136179,0.339682,0.101656,3.341495,1.085512,2016-01-01,2025-12-31,20260525_220745
peak_ridge_price_ratio__mp10,spec,kysec,paper_27_microstructure,1,0.324261,0.105899,0.060318,0.065752,0.044443,0.053552,0.080191,0.080445,0.074982,0.076930,37.009996,40.216364,29.163553,34.251508,0.752180,0.817345,0.592711,0.696117,2421.000000,2421.000000,2421.000000,2421.000000,0.783974,0.797191,0.733994,0.774886,0.850885,-0.081889,0.103767,0.192151,0.068882,2.789584,0.716122,2016-01-01,2025-12-31,20260525_220745
peak_ridge_turnover_ratio,spec,kysec,paper_27_microstructure,1,0.321670,0.102522,0.105360,0.120426,0.073912,0.091331,0.113511,0.116155,0.110519,0.111711,45.576026,50.907285,32.837893,40.143973,0.928192,1.036767,0.668770,0.817564,2411.000000,2411.000000,2411.000000,2411.000000,0.823310,0.851099,0.757777,0.796765,0.910213,-0.184634,0.192534,0.442699,0.100853,4.389559,0.559422,2016-01-01,2025-12-31,20260525_220745
peak_weighted_quantile,spec,kysec,paper_27_microstructure,1,0.366655,0.161700,0.011408,0.010849,0.007628,0.010182,0.090517,0.093725,0.092025,0.090042,6.188441,5.683599,4.070104,5.552624,0.126033,0.115751,0.082891,0.113084,2411.000000,2411.000000,2411.000000,2411.000000,0.587723,0.598507,0.564496,0.572377,0.635800,0.045120,0.073103,0.019752,0.086884,0.227340,0.767723,2016-01-01,2025-12-31,20260525_220745
peakridge_minute_corr,spec,kysec,paper_27_microstructure,-1,0.318485,0.098321,0.012755,0.017129,0.005142,0.009902,0.042229,0.041944,0.044209,0.042633,14.888715,20.130277,5.733157,11.449717,0.302033,0.408363,0.116303,0.232269,2430.000000,2430.000000,2430.000000,2430.000000,0.612757,0.657613,0.541152,0.599177,0.873536,-0.000472,0.050289,0.047703,0.038930,1.225366,1.084811,2016-01-01,2025-12-31,20260525_220745
pj_jump_followup_ratio,spec,kysec,paper_33_pricejump,-1,0.321750,0.102627,0.096768,0.113390,0.065305,0.081932,0.128055,0.132995,0.124987,0.125967,37.105027,41.863579,25.655614,31.936862,0.755673,0.852585,0.522497,0.650420,2411.000000,2411.000000,2411.000000,2411.000000,0.780174,0.807964,0.703443,0.749482,0.915930,-0.154663,0.177297,0.368655,0.112334,3.281764,0.477955,2016-01-01,2025-12-31,20260525_220745
pj_jump_turnover_corr,spec,kysec,paper_33_pricejump,-1,0.321765,0.102647,0.074285,0.085588,0.052314,0.064258,0.094677,0.097964,0.092462,0.093612,38.526177,42.898545,27.781043,33.704985,0.784616,0.873663,0.565783,0.686429,2411.000000,2411.000000,2411.000000,2411.000000,0.803401,0.812526,0.735380,0.767316,0.987584,-0.069424,0.173017,0.247539,0.076519,3.235007,0.569759,2016-01-01,2025-12-31,20260525_220745
pj_jump_turnover_sensitivity,spec,kysec,paper_33_pricejump,-1,0.321765,0.102647,0.067962,0.080368,0.047237,0.057958,0.098594,0.102880,0.094802,0.096474,33.846354,38.357531,24.465924,29.498424,0.689308,0.781182,0.498268,0.600759,2411.000000,2411.000000,2411.000000,2411.000000,0.778515,0.800498,0.715056,0.744090,0.986092,-0.049378,0.150180,0.196579,0.078409,2.507101,0.568296,2016-01-01,2025-12-31,20260525_220745
pj_peak_interval_kurt,spec,kysec,paper_33_pricejump,1,0.321911,0.102839,0.015590,0.023807,0.005050,0.009699,0.097155,0.098374,0.091729,0.095612,7.879067,11.882871,2.703266,4.981168,0.160463,0.242004,0.055054,0.101445,2411.000000,2411.000000,2411.000000,2411.000000,0.565740,0.616757,0.515968,0.548735,0.773705,0.003547,0.075197,0.060161,0.076576,0.785638,0.609794,2016-01-01,2025-12-31,20260525_220745
pj_peak_interval_skew,spec,kysec,paper_33_pricejump,1,0.321911,0.102839,0.016180,0.024716,0.005193,0.009998,0.099956,0.101171,0.094332,0.098354,7.948093,11.995509,2.703230,4.991401,0.161869,0.244298,0.055053,0.101654,2411.000000,2411.000000,2411.000000,2411.000000,0.566985,0.619245,0.516383,0.544173,0.733942,0.000798,0.071753,0.059269,0.078878,0.751395,0.577367,2016-01-01,2025-12-31,20260525_220745
pj_peak_interval_std,spec,kysec,paper_33_pricejump,-1,0.321911,0.102839,0.017466,0.025562,0.006585,0.011414,0.104870,0.105150,0.098496,0.102624,8.178002,11.936814,3.282920,5.460976,0.166552,0.243103,0.066859,0.111217,2411.000000,2411.000000,2411.000000,2411.000000,0.562422,0.610535,0.510162,0.539195,0.822628,0.000221,0.077566,0.067184,0.082173,0.817592,0.488520,2016-01-01,2025-12-31,20260525_220745
pj_peak_minute_count,spec,kysec,paper_33_pricejump,1,0.321585,0.102522,0.032678,0.043374,0.016788,0.024226,0.116515,0.116967,0.109652,0.114175,13.771379,18.208300,7.517493,10.418493,0.280465,0.370827,0.153100,0.212181,2411.000000,2411.000000,2411.000000,2411.000000,0.620904,0.659892,0.558689,0.589382,0.914437,-0.042212,0.113184,0.147758,0.091544,1.614065,0.461727,2016-01-01,2025-12-31,20260525_220745
pj_peak_ridge_turnover_ratio,spec,kysec,paper_33_pricejump,1,0.325409,0.107468,0.087165,0.101091,0.059812,0.074176,0.140892,0.142520,0.135127,0.138674,30.377507,34.828514,21.734034,26.264469,0.618662,0.709310,0.442631,0.534897,2411.000000,2411.000000,2411.000000,2411.000000,0.734550,0.758606,0.679801,0.700124,0.919387,-0.140177,0.169655,0.334591,0.113601,2.945312,0.403731,2016-01-01,2025-12-31,20260525_220745
pj_peakridge_minute_corr,spec,kysec,paper_33_pricejump,1,0.322357,0.103443,0.019993,0.024507,0.014029,0.016490,0.068403,0.070251,0.064757,0.067542,14.407831,17.196810,10.679481,12.034829,0.292278,0.348855,0.216644,0.244139,2430.000000,2430.000000,2430.000000,2430.000000,0.625926,0.636626,0.584774,0.597942,0.972518,0.022690,0.059635,0.031593,0.052659,0.599952,0.942632,2016-01-01,2025-12-31,20260525_220745
pj_ridge_interval_kurt,spec,kysec,paper_33_pricejump,-1,0.361680,0.155463,0.076666,0.090970,0.052590,0.065240,0.096650,0.096455,0.095913,0.097278,38.948964,46.309659,26.922791,32.930842,0.793227,0.943133,0.548304,0.670663,2411.000000,2411.000000,2411.000000,2411.000000,0.805060,0.839486,0.733306,0.774782,0.924666,-0.117985,0.158751,0.296387,0.089861,3.298269,0.704534,2016-01-01,2025-12-31,20260525_220745
pj_ridge_interval_skew,spec,kysec,paper_33_pricejump,-1,0.361680,0.155463,0.077675,0.092168,0.053307,0.066136,0.095910,0.095597,0.095055,0.096521,39.766183,47.340670,27.536159,33.644690,0.809870,0.964130,0.560796,0.685201,2411.000000,2411.000000,2411.000000,2411.000000,0.813770,0.847366,0.739112,0.778930,0.925850,-0.121218,0.163595,0.306681,0.089236,3.436737,0.698563,2016-01-01,2025-12-31,20260525_220745
pj_ridge_interval_std,spec,kysec,paper_33_pricejump,1,0.361680,0.155463,0.062638,0.075095,0.042277,0.053045,0.082632,0.081284,0.082098,0.083560,37.220918,45.363051,25.285197,31.170464,0.758034,0.923855,0.514953,0.634811,2411.000000,2411.000000,2411.000000,2411.000000,0.798839,0.838241,0.722937,0.759436,0.940061,-0.085368,0.144754,0.238088,0.079818,2.982872,0.696304,2016-01-01,2025-12-31,20260525_220745
pj_ridge_minute_count,spec,kysec,paper_33_pricejump,-1,0.321585,0.102522,0.072828,0.085865,0.049719,0.061611,0.147751,0.149917,0.144490,0.146667,24.202872,28.123072,16.895810,20.626623,0.492911,0.572749,0.344097,0.420078,2411.000000,2411.000000,2411.000000,2411.000000,0.693903,0.703028,0.642887,0.660307,0.863845,-0.101911,0.130215,0.233511,0.124103,1.881590,0.421464,2016-01-01,2025-12-31,20260525_220745
pj_ridge_minute_return,spec,kysec,paper_33_pricejump,-1,0.321585,0.102522,0.093912,0.106221,0.068319,0.082479,0.125914,0.128559,0.121020,0.122944,36.622064,40.569983,27.719296,32.940640,0.745837,0.826240,0.564526,0.670862,2411.000000,2411.000000,2411.000000,2411.000000,0.776441,0.797594,0.725840,0.756947,0.850648,-0.151592,0.150481,0.330464,0.114251,2.892433,0.581093,2016-01-01,2025-12-31,20260525_220745
pj_valley_relative_vwap,spec,kysec,paper_33_pricejump,1,0.330658,0.114054,0.063570,0.069924,0.048058,0.057181,0.087670,0.088324,0.083351,0.084911,35.604397,38.872985,28.310927,33.066050,0.725112,0.791679,0.576575,0.673416,2411.000000,2411.000000,2411.000000,2411.000000,0.776856,0.792202,0.733306,0.759021,0.789542,-0.078135,0.103121,0.186289,0.075488,2.467804,0.664483,2016-01-01,2025-12-31,20260525_220745
pj_valley_ridge_price_ratio,spec,kysec,paper_33_pricejump,1,0.936908,0.916491,0.072787,0.079325,0.052218,0.063304,0.107577,0.105226,0.105498,0.108126,33.222634,37.015882,24.303747,28.747474,0.676605,0.753858,0.494965,0.585465,2411.000000,2411.000000,2411.000000,2411.000000,0.758192,0.773123,0.711323,0.737039,0.886971,-0.191717,0.099283,0.334439,0.131450,2.544233,1.189246,2016-01-01,2025-12-31,20260525_220745
pj_valley_ridge_price_ratio__mp10,spec,kysec,paper_33_pricejump,1,0.408355,0.217164,0.058239,0.065067,0.043975,0.052312,0.081079,0.078210,0.077819,0.079319,35.343136,40.935222,27.804261,32.450190,0.718303,0.831955,0.565085,0.659508,2421.000000,2421.000000,2421.000000,2421.000000,0.783147,0.817018,0.736059,0.758777,0.864151,-0.083594,0.097770,0.188267,0.076354,2.465719,0.719806,2016-01-01,2025-12-31,20260525_220745
pj_valley_weighted_quantile,spec,kysec,paper_33_pricejump,1,0.330658,0.114055,0.017764,0.018145,0.012898,0.015892,0.093420,0.098106,0.096467,0.093824,9.336631,9.081487,6.564916,8.316726,0.190148,0.184952,0.133700,0.169377,2411.000000,2411.000000,2411.000000,2411.000000,0.615097,0.619245,0.596433,0.619245,0.790358,0.024564,0.073052,0.040074,0.089674,0.446884,0.713434,2016-01-01,2025-12-31,20260525_220745
reg_pb_gshe,spec,fundamental,cross_section_regress,-1,0.451989,0.277202,0.050282,0.058859,0.034837,0.042936,0.112389,0.117081,0.103210,0.108172,21.784797,24.478873,16.435684,19.327451,0.447392,0.502719,0.337537,0.396925,2371.000000,2371.000000,2371.000000,2371.000000,0.641501,0.657528,0.617039,0.631379,0.963860,-0.062162,0.121043,0.185761,0.089857,2.067301,0.217110,2016-01-01,2025-12-31,20260525_220745
reg_pe_hist,spec,fundamental,cross_section_regress,-1,0.444121,0.313106,0.045966,0.054002,0.029661,0.038972,0.132141,0.130868,0.129330,0.133020,16.934652,20.088520,11.165207,14.263132,0.347858,0.412642,0.229347,0.292982,2370.000000,2370.000000,2370.000000,2370.000000,0.642194,0.657806,0.594515,0.614346,0.923682,-0.048785,0.105937,0.156211,0.111421,1.401989,0.424923,2016-01-01,2025-12-31,20260525_220745
ridge_interval_kurt,spec,kysec,paper_27_microstructure,-1,0.321677,0.102532,0.079449,0.089084,0.057734,0.069930,0.095322,0.097630,0.093161,0.094286,40.925679,44.803749,30.429694,36.418191,0.833484,0.912464,0.619725,0.741685,2411.000000,2411.000000,2411.000000,2411.000000,0.805890,0.830776,0.740771,0.773538,0.950237,-0.107414,0.167463,0.297183,0.084407,3.520824,0.688380,2016-01-01,2025-12-31,20260525_220745
ridge_interval_skew,spec,kysec,paper_27_microstructure,-1,0.321677,0.102532,0.080879,0.090851,0.058657,0.071124,0.096390,0.098887,0.093957,0.095201,41.200610,45.111690,30.654028,36.683954,0.839083,0.918735,0.624294,0.747098,2411.000000,2411.000000,2411.000000,2411.000000,0.807964,0.831605,0.739112,0.772708,0.954812,-0.109456,0.173835,0.307035,0.084726,3.623856,0.676287,2016-01-01,2025-12-31,20260525_220745
ridge_interval_std,spec,kysec,paper_27_microstructure,1,0.321677,0.102532,0.072469,0.081321,0.052791,0.063874,0.092768,0.094490,0.091087,0.091677,38.357360,42.258275,28.457741,34.210567,0.781178,0.860623,0.579565,0.696725,2411.000000,2411.000000,2411.000000,2411.000000,0.791788,0.820406,0.726255,0.758606,0.949049,-0.090062,0.157475,0.261172,0.083622,3.123262,0.694209,2016-01-01,2025-12-31,20260525_220745
ridge_minute_count,spec,kysec,paper_27_microstructure,-1,0.321585,0.102522,0.069975,0.077905,0.051360,0.061841,0.104061,0.105449,0.104677,0.104442,33.018238,36.276241,24.091971,29.073751,0.672443,0.738795,0.490652,0.592110,2411.000000,2411.000000,2411.000000,2411.000000,0.752800,0.766902,0.696392,0.723351,0.836975,-0.105153,0.121342,0.241507,0.097399,2.479564,0.674334,2016-01-01,2025-12-31,20260525_220745
ridge_minute_return,spec,kysec,paper_27_microstructure,-1,0.321585,0.102522,0.075248,0.082958,0.057433,0.067360,0.107383,0.111436,0.104550,0.105957,34.407901,36.553455,26.973330,31.215671,0.700744,0.744440,0.549333,0.635732,2411.000000,2411.000000,2411.000000,2411.000000,0.768561,0.776856,0.719618,0.739942,0.849905,-0.111457,0.126978,0.255535,0.101435,2.519201,0.688114,2016-01-01,2025-12-31,20260525_220745
ridge_relative_vwap,spec,kysec,paper_27_microstructure,-1,0.835654,0.782471,0.086734,0.094819,0.059502,0.074441,0.106400,0.106637,0.103549,0.104695,40.026322,43.660636,28.215570,34.912882,0.815168,0.889184,0.574633,0.711029,2411.000000,2411.000000,2411.000000,2411.000000,0.795935,0.828287,0.727914,0.773538,0.913222,-0.184623,0.154005,0.392769,0.115355,3.404887,1.102152,2016-01-01,2025-12-31,20260525_220745
ridge_relative_vwap__mp10,spec,kysec,paper_27_microstructure,-1,0.323916,0.105443,0.062376,0.068418,0.045666,0.055027,0.086701,0.086866,0.082595,0.083838,35.398858,38.753903,27.203904,32.294711,0.719435,0.787622,0.552884,0.656348,2421.000000,2421.000000,2421.000000,2421.000000,0.770756,0.801322,0.712102,0.757951,0.908138,-0.088728,0.126825,0.227283,0.079818,2.847524,0.733380,2016-01-01,2025-12-31,20260525_220745
roe_apoq_mrq,spec,fundamental,roe_series,1,0.335354,0.098356,0.007046,0.008354,0.005722,0.006595,0.048742,0.050424,0.043179,0.046731,7.126054,8.166642,6.532346,6.957330,0.144559,0.165669,0.132515,0.141137,2430.000000,2430.000000,2430.000000,2430.000000,0.557613,0.545679,0.560494,0.553498,0.755818,0.005002,0.040919,0.032848,0.036927,0.889545,0.159428,2016-01-01,2025-12-31,20260525_220745
roe_ayoy_mrq,spec,fundamental,roe_series,1,0.335375,0.098385,0.018229,0.021520,0.012718,0.015709,0.075273,0.081959,0.062465,0.068493,11.937556,12.943166,10.036836,11.306184,0.242166,0.262565,0.203607,0.229357,2430.000000,2430.000000,2430.000000,2430.000000,0.622222,0.615638,0.597119,0.606173,0.951355,-0.017565,0.070929,0.086200,0.052681,1.636262,0.112717,2016-01-01,2025-12-31,20260525_220745
roe_mrq_new,spec,fundamental,roe_series,1,0.335180,0.098119,0.018138,0.020784,0.013769,0.015900,0.134568,0.143897,0.119760,0.126486,6.644239,7.119890,5.667568,6.196755,0.134785,0.144434,0.114972,0.125707,2430.000000,2430.000000,2430.000000,2430.000000,0.518930,0.508230,0.534979,0.515638,0.978429,0.002118,0.059110,0.040692,0.105991,0.383920,0.094408,2016-01-01,2025-12-31,20260525_220745
roe_pqoq_mrq,spec,fundamental,roe_series,1,0.450501,0.277191,0.013125,0.015955,0.009934,0.011729,0.066639,0.069002,0.060658,0.064461,9.708871,11.398213,8.073406,8.969847,0.196954,0.231224,0.163777,0.181963,2430.000000,2430.000000,2430.000000,2430.000000,0.571605,0.595473,0.556790,0.558436,0.889382,-0.001108,0.053191,0.049426,0.048860,1.011584,0.167828,2016-01-01,2025-12-31,20260525_220745
roe_pyoy_mrq,spec,fundamental,roe_series,1,0.423521,0.243059,0.023048,0.027604,0.015804,0.019636,0.089026,0.096260,0.073981,0.081115,12.762163,14.135955,10.530779,11.932987,0.258894,0.286762,0.213628,0.242073,2430.000000,2430.000000,2430.000000,2430.000000,0.612757,0.622634,0.593827,0.603704,0.971395,-0.022559,0.078569,0.097994,0.061550,1.592113,0.120187,2016-01-01,2025-12-31,20260525_220745
roic_ttm_all_rnk8,spec,fundamental,roic_series,1,0.392017,0.175006,0.002441,0.003588,-0.000782,0.000867,0.118042,0.114859,0.111621,0.112439,1.003539,1.515916,-0.340133,0.374406,0.020679,0.031238,-0.007009,0.007715,2355.000000,2355.000000,2355.000000,2355.000000,0.514650,0.526115,0.504459,0.509979,0.890759,0.017219,0.051194,0.035118,0.097563,0.359950,0.053285,2016-01-01,2025-12-31,20260525_220745
roic_ttm_dev_std8,spec,fundamental,roic_series,1,0.392017,0.175006,0.021228,0.022702,0.015684,0.018143,0.086065,0.084286,0.089791,0.082590,11.969418,13.070825,8.476494,10.660753,0.246648,0.269344,0.174671,0.219681,2355.000000,2355.000000,2355.000000,2355.000000,0.632696,0.644161,0.593631,0.613588,0.720210,-0.013836,0.049321,0.055308,0.072752,0.760230,0.065303,2016-01-01,2025-12-31,20260525_220745
roic_ttm_ind_rnk8,spec,fundamental,roic_series,-1,0.402391,0.189057,0.008079,0.006999,0.003745,0.005434,0.131938,0.129669,0.128614,0.131147,2.933572,2.585844,1.395060,1.984987,0.061236,0.053977,0.029121,0.041435,2295.000000,2295.000000,2295.000000,2295.000000,0.502397,0.502397,0.501089,0.505882,-0.368111,0.039800,0.028323,-0.025127,0.083333,-0.301527,0.045906,2016-01-01,2025-12-31,20260525_220745
valley_relative_vwap,spec,kysec,paper_27_microstructure,1,0.330817,0.114265,0.082843,0.090405,0.061076,0.073570,0.104206,0.103452,0.098877,0.100324,39.035675,42.909327,30.330213,36.007540,0.794993,0.873883,0.617699,0.733322,2411.000000,2411.000000,2411.000000,2411.000000,0.787225,0.812941,0.737453,0.777686,0.858454,-0.124585,0.143256,0.291483,0.092878,3.138350,0.664061,2016-01-01,2025-12-31,20260525_220745
valley_ridge_price_ratio,spec,kysec,paper_27_microstructure,1,0.835726,0.782566,0.105734,0.114791,0.073371,0.091502,0.117790,0.118322,0.115063,0.115682,44.076022,47.636619,31.310233,38.838653,0.897643,0.970158,0.637658,0.790980,2411.000000,2411.000000,2411.000000,2411.000000,0.817503,0.845707,0.745749,0.797180,0.875231,-0.239401,0.160873,0.496866,0.126911,3.915059,1.061565,2016-01-01,2025-12-31,20260525_220745
valley_ridge_price_ratio__mp10,spec,kysec,paper_27_microstructure,1,0.324075,0.105653,0.077748,0.084603,0.057071,0.068844,0.098439,0.098254,0.093506,0.094949,38.861573,42.367548,30.031154,35.675503,0.789811,0.861065,0.610344,0.725058,2421.000000,2421.000000,2421.000000,2421.000000,0.793887,0.822800,0.736473,0.779430,0.861260,-0.128844,0.129249,0.283738,0.089297,3.177476,0.708349,2016-01-01,2025-12-31,20260525_220745
valley_weighted_quantile,spec,kysec,paper_27_microstructure,1,0.330817,0.114265,0.037121,0.039116,0.026841,0.032911,0.083794,0.086537,0.085428,0.084164,21.752485,22.194674,15.427296,19.200475,0.443007,0.452012,0.314189,0.391033,2411.000000,2411.000000,2411.000000,2411.000000,0.732476,0.729573,0.685608,0.725425,0.895200,-0.019665,0.101443,0.115469,0.078614,1.468807,0.706359,2016-01-01,2025-12-31,20260525_220745
